	tetragrama	Palabra	Aparece en:	OTS	INALI	OTQ	RFE	fon
0	ción	relación.	Francisco de San Antón Muñón Chimalpain Cuautlehuanitzin, VII relación.	frantsistso de san antón muñón chimalpain tsuautlejuanitzin, vii relatsión.	frantsistso de san antón muñón chimalpain tsuautlehuanitzin, vii relatsión.	frantsistso de san antón muñón tximalpain tsuautlehuanitzin, vii relatsión.	phrancisco de san antón muñón čimalpain cuautlehuanitzin, vii relación.	ɸɾant͡sist͡so de san antón muɲón t͡ʃimalpain t͡suautlehuanitzin, vii relat͡sión.
1	ción	Nación,	Nuna pika he̱m'i ja te mä b'e̱tsi ha ra Archivo General de la Nación, nuua M'onda ne ja ha ra ndunthi ya hnini, njabu̱ ngu ya nzaya nuni Manhyati ne mar'a ya hnini, o̱t'e gi o̱de ra hñä ra mu̱dimehai.	nuna pika je̱m'i ja te mä b'e̱tsi ja ra archivo general de la natsión, nuua m'onda ne ja ja ra nduntji ya jnini, njabu̱ ngu ya nzaya nuni manjyati ne mar'a ya jnini, o̱t'e gi o̱de ra jñä ra mu̱dimejai.	nuna pika he̱m'i ja te mä b'e̱tsi ha ra archivo general de la natsión, nuua m'onda ne ja ha ra ndunthi ya hnini, njabu̱ ngu ya nzaya nuni manhyati ne mar'a ya hnini, o̱t'e gi o̱de ra hñä ra mu̱dimehai.	nuna pika he̱m'i ja te mä b'e̱tsi ha ra artxivo general de la natsión, nuua m'onda ne ja ha ra ndunthi ya hnini, njabu̱ ngu ya nzaya nuni manhyati ne mar'a ya hnini, o̱t'e gi o̱de ra hñä ra mu̱dimehai.	nuna pika hɛmʔi kha te mᶏ bʔɛci ha ra arčivo general de la nación, nuua mʔonda ne kha ha ra ndunthi ya hnini, nkhabɨ ngu ya nzaya nuni manhyati ne marʔa ya hnini, ɔtʔe gi ɔde ra hñᶏ ra mɨdimehai.	nuna pika hɛmʔi kha te mã bʔɛt͡si ha ra aɾt͡ʃivo geneɾal de la nat͡sión, nuua mʔonda ne kha ha ra ndunthi ja hnini, nkhabɨ ngu ja nzaja nuni manhjati ne maɾʔa ja hnini, ɔtʔe gi ɔde ra hɲã ra mɨdimehai.
2	ción	edición.	ra nku̱t'i ra huahni ne ya ñ'udi nthutsi ra Agustin Yáñez 2da. edición. Biblioteca del Estudiante Universitario, UNAM, 1950.	ra nku̱t'i ra juajni ne ya ñ'udi ntjutsi ra agustin yáñez 2da. editsión. bibliotetsa del estudiante universitario, unam, 1950.	ra nku̱t'i ra huahni ne ya ñ'udi nthutsi ra agustin yáñez 2da. editsión. bibliotetsa del estudiante universitario, unam, 1950.	ra nku̱t'i ra huahni ne ya ñ'udi nthutsi ra agustin yáñez 2da. editsión. bibliotetsa del estudiante universitario, unam, 1950.	ra nkɨtʔi ra huahni ne ya ñʔudi nthuci ra agustin yáñez 2da. edición. biblioteca del estudiante universitario, unam, 1950.	ra nkɨtʔi ra huahni ne ja ɲʔudi nthut͡si ra agustin jáɲez 2da. edit͡sión. bibliotet͡sa del estudiante univeɾsitaɾio, unam, 1950.
3	ción	revolución	Mi b'u̱i ya mu̱dimehai mi ñä ra ndeznä ne habu̱ ra hnini dige'a gatho ra nxiki M'onda ngu r'a ya yaqui b'u̱i nuni Sonora ne ya maya ri ñ'ehe nuni Yucatán ra nge bi guat'i ha ra tuhni bi nja nuua M'onda fädi ko ra thuhu ra revolución mexicana ya je̱ya 1910-1919.	mi b'u̱i ya mu̱dimejai mi ñä ra ndeznä ne jabu̱ ra jnini dige'a gatjo ra nxiki m'onda ngu r'a ya yaqui b'u̱i nuni sonora ne ya maya ri ñ'eje nuni yutsatán ra nge bi guat'i ja ra tujni bi nja nuua m'onda fädi ko ra tjuju ra revolutsión mexitsana ya je̱ya 1910-1919.	mi b'u̱i ya mu̱dimehai mi ñä ra ndeznä ne habu̱ ra hnini dige'a gatho ra nxiki m'onda ngu r'a ya yaqui b'u̱i nuni sonora ne ya maya ri ñ'ehe nuni yutsatán ra nge bi guat'i ha ra tuhni bi nja nuua m'onda fädi ko ra thuhu ra revolutsión mexitsana ya je̱ya 1910-1919.	mi b'u̱i ya mu̱dimehai mi ñä ra ndeznä ne habu̱ ra hnini dige'a gatho ra nxiki m'onda ngu r'a ya yaqui b'u̱i nuni sonora ne ya maya ri ñ'ehe nuni yutsatán ra nge bi guat'i ha ra tuhni bi nja nuua m'onda fädi ko ra thuhu ra revolutsión mexitsana ya je̱ya 1910-1919.	mi bʔɨi ya mɨdimehai mi ñᶏ ra ndeznᶏ ne habɨ ra hnini digeʔa gatho ra nšiki mʔonda ngu rʔa ya yaqui bʔɨi nuni sonora ne ya maya ri ñʔehe nuni yucatán ra nge bi guatʔi ha ra tuhni bi nkha nuua mʔonda phᶏdi ko ra thuhu ra revolución mešicana ya khɛya 1910-1919.	mi bʔɨi ja mɨdimehai mi ɲã ra ndeznã ne habɨ ra hnini digeʔa gatho ra nʃiki mʔonda ngu rʔa ja jaqui bʔɨi nuni sonoɾa ne ja maja ri ɲʔehe nuni jut͡satán ra nge bi guatʔi ha ra tuhni bi nkha nuua mʔonda ɸãdi ko ra thuhu ra revolut͡sión meʃit͡sana ja khɛja 1910-1919.
4	ción	Nación,	Ha nuna he̱m'i b'e̱tsi ha ra Archivo General de la Nación, Ja ndunthi ya he̱m'i ngu nuna ñäpi bi t'o̱t'e, ge japi da hyandi n'a, po̱de pa da nzäi n'a nu'a to'o ra ñänte nuya to'o bi b'e̱di ha ya me̱ti, geb'u̱ bi tsu̱di bi t'o̱t'a ra ts'u̱tui pa ge'u̱.	ja nuna je̱m'i b'e̱tsi ja ra archivo general de la natsión, ja nduntji ya je̱m'i ngu nuna ñäpi bi t'o̱t'e, ge japi da jyandi n'a, po̱de pa da nzäi n'a nu'a to'o ra ñänte nuya to'o bi b'e̱di ja ya me̱ti, geb'u̱ bi tsu̱di bi t'o̱t'a ra ts'u̱tui pa ge'u̱.	ha nuna he̱m'i b'e̱tsi ha ra archivo general de la natsión, ja ndunthi ya he̱m'i ngu nuna ñäpi bi t'o̱t'e, ge japi da hyandi n'a, po̱de pa da nzäi n'a nu'a to'o ra ñänte nuya to'o bi b'e̱di ha ya me̱ti, geb'u̱ bi tsu̱di bi t'o̱t'a ra ts'u̱tui pa ge'u̱.	ha nuna he̱m'i b'e̱tsi ha ra artxivo general de la natsión, ja ndunthi ya he̱m'i ngu nuna ñäpi bi t'o̱t'e, ge japi da hyandi n'a, po̱de pa da nzäi n'a nu'a to'o ra ñänte nuya to'o bi b'e̱di ha ya me̱ti, geb'u̱ bi tsu̱di bi t'o̱t'a ra ts'u̱tui pa ge'u̱.	ha nuna hɛmʔi bʔɛci ha ra arčivo general de la nación, kha ndunthi ya hɛmʔi ngu nuna ñᶏpi bi tʔɔtʔe, ge khapi da hyandi nʔa, pɔde pa da nzᶏi nʔa nuʔa toʔo ra ñᶏnte nuya toʔo bi bʔɛdi ha ya mɛti, gebʔɨ bi cɨdi bi tʔɔtʔa ra cʔɨtui pa geʔɨ.	ha nuna hɛmʔi bʔɛt͡si ha ra aɾt͡ʃivo geneɾal de la nat͡sión, kha ndunthi ja hɛmʔi ngu nuna ɲãpi bi tʔɔtʔe, ge khapi da hjandi nʔa, pɔde pa da nzãi nʔa nuʔa toʔo ra ɲãnte nuja toʔo bi bʔɛdi ha ja mɛti, gebʔɨ bi t͡sɨdi bi tʔɔtʔa ra t͡sʔɨtui pa geʔɨ.
5	ción	"""solicitación"	"Nuna hñäpi huts'i ha n'a ra he̱m'i fädi ra Derecho Canonigo ko ra thuhu hñämfo̱ ngu ra ""solicitación al administrar el sacramento de la confesión""."	"nuna jñäpi juts'i ja n'a ra je̱m'i fädi ra derecho tsanonigo ko ra tjuju jñämfo̱ ngu ra ""solitsitatsión al administrar el satsramento de la tsonfesión""."	"nuna hñäpi huts'i ha n'a ra he̱m'i fädi ra derecho tsanonigo ko ra thuhu hñämfo̱ ngu ra ""solitsitatsión al administrar el satsramento de la tsonfesión""."	"nuna hñäpi huts'i ha n'a ra he̱m'i fädi ra deretxo tsanonigo ko ra thuhu hñämfo̱ ngu ra ""solitsitatsión al administrar el satsramento de la tsonfesión""."	"nuna hñᶏpi hucʔi ha nʔa ra hɛmʔi phᶏdi ra derečo canonigo ko ra thuhu hñᶏmphɔ ngu ra ""solicitación al administrar el sacramento de la conphesión""."	"nuna hɲãpi hut͡sʔi ha nʔa ra hɛmʔi ɸãdi ra deɾet͡ʃo t͡sanonigo ko ra thuhu hɲãmɸɔ ngu ra ""solit͡sitat͡sión al administɾaɾ el sat͡sɾamento de la t͡sonɸesión""."
6	ción	Nación,	Archivo General de la Nación, México, Ramo de Inquisición, volumen 146, expediente 5.	archivo general de la natsión, méxitso, ramo de inquisitsión, volumen 146, expediente 5.	archivo general de la natsión, méxitso, ramo de inquisitsión, volumen 146, expediente 5.	artxivo general de la natsión, méxitso, ramo de inquisitsión, volumen 146, expediente 5.	arčivo general de la nación, méšico, ramo de inquisición, volumen 146, ešpediente 5.	aɾt͡ʃivo geneɾal de la nat͡sión, méʃit͡so, ramo de inquisit͡sión, volumen 146, eʃpediente 5.
7	ción	Fundación	Ra hmä ra Fundación de Santo Tomás Ajusco, Archivo General de la Nación, México, Ramo de Tierras vol. 2676, expediente. 4, Archivo Histórico de la Biblioteca Nacional de Antropología, Colección Antigua, vol. 254, fojas 259 r.- 260 v.	ra jmä ra fundatsión de santo tomás ajustso, archivo general de la natsión, méxitso, ramo de tierras vol. 2676, expediente. 4, archivo jistóritso de la bibliotetsa natsional de antropología, tsoletstsión antigua, vol. 254, fojas 259 r.- 260 v.	ra hmä ra fundatsión de santo tomás ajustso, archivo general de la natsión, méxitso, ramo de tierras vol. 2676, expediente. 4, archivo históritso de la bibliotetsa natsional de antropología, tsoletstsión antigua, vol. 254, fojas 259 r.- 260 v.	ra hmä ra fundatsión de santo tomás ajustso, artxivo general de la natsión, méxitso, ramo de tierras vol. 2676, expediente. 4, artxivo históritso de la bibliotetsa natsional de antropología, tsoletstsión antigua, vol. 254, fojas 259 r.- 260 v.	ra hmᶏ ra phundación de santo tomás akhusco, arčivo general de la nación, méšico, ramo de tierras vol. 2676, ešpediente. 4, arčivo histórico de la biblioteca nacional de antropología, colección antigua, vol. 254, phokhas 259 r.- 260 v.	ra hmã ra ɸundat͡sión de santo tomás akhust͡so, aɾt͡ʃivo geneɾal de la nat͡sión, méʃit͡so, ramo de tieras vol. 2676, eʃpediente. 4, aɾt͡ʃivo históɾit͡so de la bibliotet͡sa nat͡sional de antɾopología, t͡solet͡st͡sión antigua, vol. 254, ɸokhas 259 r.- 260 v.
8	ción	relación:	"Ra Fernando de Alva Ixtlilxóchitl, Fernando de, XIII relación: ""ra ñ'ehe ya ñämfo̱ ne ra fu̱di ra nkanfri ra evangelio""."	"ra fernando de alva ixtlilxóchitl, fernando de, xiii relatsión: ""ra ñ'eje ya ñämfo̱ ne ra fu̱di ra nkanfri ra evangelio""."	"ra fernando de alva ixtlilxóchitl, fernando de, xiii relatsión: ""ra ñ'ehe ya ñämfo̱ ne ra fu̱di ra nkanfri ra evangelio""."	"ra fernando de alva ixtlilxótxitl, fernando de, xiii relatsión: ""ra ñ'ehe ya ñämfo̱ ne ra fu̱di ra nkanfri ra evangelio""."	"ra phernando de alva ištlilšóčitl, phernando de, šiii relación: ""ra ñʔehe ya ñᶏmphɔ ne ra phɨdi ra nkanphri ra evangelio""."	"ra ɸeɾnando de alva iʃtlilʃót͡ʃitl, ɸeɾnando de, ʃiii relat͡sión: ""ɾa ɲʔehe ja ɲãmɸɔ ne ra ɸɨdi ra nkanɸɾi ra evangelio""."
9	ción	globalización	Nthandi gatho nu'a ra munts'i ra thuhu hñämfo̱ ra globalización ge ‘a po̱ts'e dega nest'ihi, nuna y'o̱te to̱m'i da nja ra ntho̱mäte.	ntjandi gatjo nu'a ra munts'i ra tjuju jñämfo̱ ra globalizatsión ge 'a po̱ts'e dega nest'iji, nuna y'o̱te to̱m'i da nja ra ntjo̱mäte.	nthandi gatho nu'a ra munts'i ra thuhu hñämfo̱ ra globalizatsión ge 'a po̱ts'e dega nest'ihi, nuna y'o̱te to̱m'i da nja ra ntho̱mäte.	nthandi gatho nu'a ra munts'i ra thuhu hñämfo̱ ra globalizatsión ge 'a po̱ts'e dega nest'ihi, nuna y'o̱te to̱m'i da nja ra ntho̱mäte.	nthandi gatho nuʔa ra muncʔi ra thuhu hñᶏmphɔ ra globalización ge ʔa pɔcʔe dega nestʔihi, nuna yʔɔte tɔmʔi da nkha ra nthɔmᶏte.	nthandi gatho nuʔa ra munt͡sʔi ra thuhu hɲãmɸɔ ra globalizat͡sión ge ʔa pɔt͡sʔe dega nestʔihi, nuna jʔɔte tɔmʔi da nkha ra nthɔmãte.
10	ente	expediente	He̱mi unga mfädi ha ra t'u̱ka hnini habu̱ b'u̱i ya jä'i teni ra División ra Arenas, 27 ra abril ra je̱ya 1918, Ra m'ets'a he̱m'i ra Zapata, b'e̱tsi ha ra Universidad Nacional Autónoma de México, expediente 29.	je̱mi unga mfädi ja ra t'u̱ka jnini jabu̱ b'u̱i ya jä'i teni ra división ra arenas, 27 ra abril ra je̱ya 1918, ra m'ets'a je̱m'i ra zapata, b'e̱tsi ja ra universidad natsional autónoma de méxitso, expediente 29.	he̱mi unga mfädi ha ra t'u̱ka hnini habu̱ b'u̱i ya jä'i teni ra división ra arenas, 27 ra abril ra je̱ya 1918, ra m'ets'a he̱m'i ra zapata, b'e̱tsi ha ra universidad natsional autónoma de méxitso, expediente 29.	he̱mi unga mfädi ha ra t'u̱ka hnini habu̱ b'u̱i ya jä'i teni ra división ra arenas, 27 ra abril ra je̱ya 1918, ra m'ets'a he̱m'i ra zapata, b'e̱tsi ha ra universidad natsional autónoma de méxitso, expediente 29.	hɛmi unga mphᶏdi ha ra tʔɨka hnini habɨ bʔɨi ya khᶏʔi teni ra división ra arenas, 27 ra abril ra khɛya 1918, ra mʔecʔa hɛmʔi ra zapata, bʔɛci ha ra universidad nacional autónoma de méšico, ešpediente 29.	hɛmi unga mɸãdi ha ra tʔɨka hnini habɨ bʔɨi ja khãʔi teni ra división ra aɾenas, 27 ra abɾil ra khɛja 1918, ra mʔet͡sʔa hɛmʔi ra zapata, bʔɛt͡si ha ra univeɾsidad nat͡sional autónoma de méʃit͡so, eʃpediente 29.
11	ente	normalmente	normalmente góho	normalmente gójo	normalmente góho	normalmente góho	normalmente góho	noɾmalmente góho
12	ente	frente	Y los que habían ayunado una veintena y los que habían ayunado un año, andaban al frente de la gente: mantenían en fila a la gente con su bastón de pino.	y los que jabían ayunado una veintena y los que jabían ayunado un año, andaban al frente de la gente: mantenían en fila a la gente tson su bastón de pino.	y los que habían ayunado una veintena y los que habían ayunado un año, andaban al frente de la gente: mantenían en fila a la gente tson su bastón de pino.	y los que habían ayunado una veintena y los que habían ayunado un año, andaban al frente de la gente: mantenían en fila a la gente tson su bastón de pino.	y los que habían ayunado una veintena y los que habían ayunado un año, andaban al phrente de la gente: mantenían en phila a la gente con su bastón de pino.	j los que habían ajunado una veintena j los que habían ajunado un aɲo, andaban al ɸɾente de la gente: mantenían en ɸila a la gente t͡son su bastón de pino.
13	ente	Pimentel,	Ya b'e̱go ne ya b'e̱tri di ge'a nu'a ra dänga ndä ra ndada ra thuhu ra Esteban de Guzmán ra nzaya di gekua M'onda, ra ndada ra Hernando Pimentel, ra ndada ra Antonio Cortés, ra ndada Xuua (Juan) nuna ra mecoyoacan, ra ndada Pedro Motecuhzoma, me ma r'a ya kuänmi (firmas).	ya b'e̱go ne ya b'e̱tri di ge'a nu'a ra dänga ndä ra ndada ra tjuju ra esteban de guzmán ra nzaya di gekua m'onda, ra ndada ra jernando pimentel, ra ndada ra antonio tsortés, ra ndada xuua (juan) nuna ra metsoyoatsan, ra ndada pedro motetsujzoma, me ma r'a ya kuänmi (firmas).	ya b'e̱go ne ya b'e̱tri di ge'a nu'a ra dänga ndä ra ndada ra thuhu ra esteban de guzmán ra nzaya di gekua m'onda, ra ndada ra hernando pimentel, ra ndada ra antonio tsortés, ra ndada xuua (juan) nuna ra metsoyoatsan, ra ndada pedro motetsuhzoma, me ma r'a ya kuänmi (firmas).	ya b'e̱go ne ya b'e̱tri di ge'a nu'a ra dänga ndä ra ndada ra thuhu ra esteban de guzmán ra nzaya di gekua m'onda, ra ndada ra hernando pimentel, ra ndada ra antonio tsortés, ra ndada xuua (juan) nuna ra metsoyoatsan, ra ndada pedro motetsuhzoma, me ma r'a ya kuänmi (firmas).	ya bʔɛgo ne ya bʔɛtri di geʔa nuʔa ra dᶏnga ndᶏ ra ndada ra thuhu ra esteban de guzmán ra nzaya di gekua mʔonda, ra ndada ra hernando pimentel, ra ndada ra antonio cortés, ra ndada šuua (khuan) nuna ra mecoyoacan, ra ndada pedro motecuhzoma, me ma rʔa ya kuᶏnmi (phirmas).	ja bʔɛgo ne ja bʔɛtɾi di geʔa nuʔa ra dãnga ndã ra ndada ra thuhu ra esteban de guzmán ra nzaja di gekua mʔonda, ra ndada ra heɾnando pimentel, ra ndada ra antonio t͡soɾtés, ra ndada ʃuua (khuan) nuna ra met͡sojoat͡san, ra ndada pedɾo motet͡suhzoma, me ma rʔa ja kuãnmi (ɸiɾmas).
14	ente	kompletamente	pero de sesenta pantsíthá pa gothók'ŭ kompletamente xathó ndímáphădihé	pero de sesenta pantsítjá pa gotjók'ŭ kompletamente xatjó ndímáfădijé	pero de sesenta pantsíthá pa gothók'ŭ kompletamente xathó ndímáfădihé	pero de sesenta pantsíthá pa gothók'ŭ kompletamente xathó ndímáfădihé	pero de sesenta pancíthá pa gothókʔŭ kompletamente šathó ndímáphădihé	peɾo de sesenta pant͡síthá pa gothókʔŭ kompletamente ʃathó ndímáɸădihé
15	ente	Benavente,	Ra makja mra thuhu ra Toribio Benavente, Motolinia,	ra makja mra tjuju ra toribio benavente, motolinia,	ra makja mra thuhu ra toribio benavente, motolinia,	ra makja mra thuhu ra toribio benavente, motolinia,	ra makkha mra thuhu ra toribio benavente, motolinia,	ra makkha mɾa thuhu ra toɾibio benavente, motolinia,
16	ente	fuente	kómá'u̱té ya fuente níhí	kómá'u̱té ya fuente níjí	kómá'u̱té ya fuente níhí	kómá'u̱té ya fuente níhí	kómáʔɨté ya phuente níhí	kómáʔɨté ja ɸuente níhí
17	ente	bente,	Inte ra nja bi thuts'i, ha nub'u̱ nu'a ra hyodi habu̱ da bente, se̱he̱ r'a ne da ku̱t'i ha habu̱ mi zadi, getbu̱ bi mpidi, bi ts'u̱i ko ra kue̱, ngu xi dega yabu̱ mi hñä.	inte ra nja bi tjuts'i, ja nub'u̱ nu'a ra jyodi jabu̱ da bente, se̱je̱ r'a ne da ku̱t'i ja jabu̱ mi zadi, getbu̱ bi mpidi, bi ts'u̱i ko ra kue̱, ngu xi dega yabu̱ mi jñä.	inte ra nja bi thuts'i, ha nub'u̱ nu'a ra hyodi habu̱ da bente, se̱he̱ r'a ne da ku̱t'i ha habu̱ mi zadi, getbu̱ bi mpidi, bi ts'u̱i ko ra kue̱, ngu xi dega yabu̱ mi hñä.	inte ra nja bi thuts'i, ha nub'u̱ nu'a ra hyodi habu̱ da bente, se̱he̱ r'a ne da ku̱t'i ha habu̱ mi zadi, getbu̱ bi mpidi, bi ts'u̱i ko ra kue̱, ngu xi dega yabu̱ mi hñä.	inte ra nkha bi thucʔi, ha nubʔɨ nuʔa ra hyodi habɨ da bente, sɛhɛ rʔa ne da kɨtʔi ha habɨ mi zadi, getbɨ bi mpidi, bi cʔɨi ko ra kuɛ, ngu ši dega yabɨ mi hñᶏ.	inte ra nkha bi thut͡sʔi, ha nubʔɨ nuʔa ra hjodi habɨ da bente, sɛhɛ rʔa ne da kɨtʔi ha habɨ mi zadi, getbɨ bi mpidi, bi t͡sʔɨi ko ra kuɛ, ngu ʃi dega jabɨ mi hɲã.
18	ente	fuentes	Nuna he̱m'i bri t'unga mfädi ko ra t'u̱ka nthint'ant'ofo po ra Marcelo Díaz Salas ne ra Luis Reyes García ha: TIaltocan, Revista de fuentes para el conocimiento de las culturas indígenas de México, vol. VI, 1970, b'ede ra 3, pp. 193-212.	nuna je̱m'i bri t'unga mfädi ko ra t'u̱ka ntjint'ant'ofo po ra martselo díaz salas ne ra luis reyes gartsía ja: tialtotsan, revista de fuentes para el tsonotsimiento de las tsulturas indígenas de méxitso, vol. vi, 1970, b'ede ra 3, pp. 193-212.	nuna he̱m'i bri t'unga mfädi ko ra t'u̱ka nthint'ant'ofo po ra martselo díaz salas ne ra luis reyes gartsía ha: tialtotsan, revista de fuentes para el tsonotsimiento de las tsulturas indígenas de méxitso, vol. vi, 1970, b'ede ra 3, pp. 193-212.	nuna he̱m'i bri t'unga mfädi ko ra t'u̱ka nthint'ant'ofo po ra martselo díaz salas ne ra luis reyes gartsía ha: tialtotsan, revista de fuentes para el tsonotsimiento de las tsulturas indígenas de méxitso, vol. vi, 1970, b'ede ra 3, pp. 193-212.	nuna hɛmʔi bri tʔunga mphᶏdi ko ra tʔɨka nthintʔantʔopho po ra marcelo díaz salas ne ra luis reyes garcía ha: tialtocan, revista de phuentes para el conocimiento de las culturas indígenas de méšico, vol. vi, 1970, bʔede ra 3, pp. 193-212.	nuna hɛmʔi bɾi tʔunga mɸãdi ko ra tʔɨka nthintʔantʔoɸo po ra maɾt͡selo díaz salas ne ra luis rejes gaɾt͡sía ha: tialtot͡san, revista de ɸuentes paɾa el t͡sonot͡simiento de las t͡sultuɾas indígenas de méʃit͡so, vol. vi, 1970, bʔede ra 3, pp. 193-212.
19	ente	solamente	solamente ya řiko alkansabi	solamente ya riko alkansabi	solamente ya riko alkansabi	solamente ya riko alkansabi	solamente ya riko alkansabi	solamente ja riko alkansabi
20	ente	normalmente	este normalmente nándu̱hté pa khu̱ní i ná lĕngu pa máda ya ntsidó	este normalmente nándu̱jté pa ju̱ní i ná lĕngu pa máda ya ntsidó	este normalmente nándu̱hté pa ju̱ní i ná lĕngu pa máda ya ntsidó	este normalmente nándu̱hté pa ju̱ní i ná lĕngu pa máda ya ntsidó	este normalmente nándɨhté pa khɨní i ná lĕngu pa máda ya ncidó	este noɾmalmente nándɨhté pa khɨní i ná lĕngu pa máda ja nt͡sidó
21	para	para	k'a mädämé para ke mantenigíhé dígothó mäbähtsí pues ni modo dísuphréhé	k'a mädämé para ke mantenigíjé dígotjó mäbäjtsí pues ni modo dísufréjé	k'a mädämé para ke mantenigíhé dígothó mäbähtsí pues ni modo dísufréhé	k'a mädämé para ke mantenigíhé dígothó mäbähtsí pues ni modo dísufréhé	kʔa mᶏdᶏmé para ke mantenigíhé dígothó mᶏbᶏhcí pues ni modo dísuphréhé	kʔa mãdãmé paɾa ke mantenigíhé dígothó mãbãht͡sí pues ni modo dísuɸɾéhé
22	para	para	díusáhé na ra bárréno para pa draohkíhé pa drathontihé	díusájé na ra bárréno para pa draojkíjé pa dratjontijé	díusáhé na ra bárréno para pa draohkíhé pa drathontihé	díusáhé na ra bárréno para pa draohkíhé pa drathontihé	díusáhé na ra bárréno para pa draohkíhé pa drathontihé	díusáhé na ra báréno paɾa pa dɾaohkíhé pa dɾathontihé
23	para	para	ni para xábo mitót'i	ni para xábo mitót'i	ni para xábo mitót'i	ni para xábo mitót'i	ni para šábo mitótʔi	ni paɾa ʃábo mitótʔi
24	para	para	dítähé k'a na ra t'íhtä para tsógihé	dítäjé k'a na ra t'íjtä para tsógijé	dítähé k'a na ra t'íhtä para tsógihé	dítähé k'a na ra t'íhtä para tsógihé	dítᶏhé kʔa na ra tʔíhtᶏ para cógihé	dítãhé kʔa na ra tʔíhtã paɾa t͡sógihé
25	para	para	i para ke dabu̱n gra phiésta dadón gra du̱ní	i para ke dabu̱n gra fiésta dadón gra du̱ní	i para ke dabu̱n gra fiésta dadón gra du̱ní	i para ke dabu̱n gra fiésta dadón gra du̱ní	i para ke dabɨn gra phiésta dadón gra dɨní	i paɾa ke dabɨn gɾa ɸiésta dadón gɾa dɨní
26	para	para	i para ke daphiéstaya' ya khăní sábado	i para ke dafiéstaya' ya jăní sábado	i para ke dafiéstaya' ya jăní sábado	i para ke dafiéstaya' ya jăní sábado	i para ke daphiéstayaʔ ya khăní sábado	i paɾa ke daɸiéstajaʔ ja khăní sábado
27	para	para	para ke damá xo i dakhák'a k'a ra fabórna	para ke damá xo i daják'a k'a ra fabórna	para ke damá xo i daják'a k'a ra fabórna	para ke damá xo i daják'a k'a ra fabórna	para ke damá šo i dakhákʔa kʔa ra phabórna	paɾa ke damá ʃo i dakhákʔa kʔa ra ɸabóɾna
28	para	para	pe mäkhámák'ŭ xayi mikhá ni para delantal ni para sako	pe mäjámák'ŭ xayi mijá ni para delantal ni para sako	pe mäjámák'ŭ xayi mijá ni para delantal ni para sako	pe mäjámák'ŭ xayi mijá ni para delantal ni para sako	pe mᶏkhámákʔŭ šayi mikhá ni para delantal ni para sako	pe mãkhámákʔŭ ʃaji mikhá ni paɾa delantal ni paɾa sako
29	para	para	También desde luego terminó todo aportamiento de víveres: nada en absoluto se les entregaba, como para que los mataran de hambre.	también desde luego terminó todo aportamiento de víveres: nada en absoluto se les entregaba, tsomo para que los mataran de jambre.	también desde luego terminó todo aportamiento de víveres: nada en absoluto se les entregaba, tsomo para que los mataran de hambre.	también desde luego terminó todo aportamiento de víveres: nada en absoluto se les entregaba, tsomo para que los mataran de hambre.	también desde luego terminó todo aportamiento de víveres: nada en absoluto se les entregaba, como para que los mataran de hambre.	también desde luego teɾminó todo apoɾtamiento de víveɾes: nada en absoluto se les entɾegaba, t͡somo paɾa que los mataɾan de hambɾe.
30	para	para	i para inkhŭtigí sinkwenta peso	i para injŭtigí sinkwenta peso	i para injŭtigí sinkwenta peso	i para injŭtigí sinkwenta peso	i para inkhŭtigí sinkwenta peso	i paɾa inkhŭtigí sinkwenta peso
31	para	para	ni para báyú xo xayithóhó	ni para báyú xo xayitjójó	ni para báyú xo xayithóhó	ni para báyú xo xayithóhó	ni para báyú šo šayithóhó	ni paɾa bájú ʃo ʃajithóhó
32	para	para	i kwárto para ke damáwi ra yóhontítsi	i kwárto para ke damáwi ra yójontítsi	i kwárto para ke damáwi ra yóhontítsi	i kwárto para ke damáwi ra yóhontítsi	i kwárto para ke damáwi ra yóhontíci	i kwáɾto paɾa ke damáwi ra jóhontít͡si
33	ment	momento	despwés ya desde k'a ra momento ya k'a ya híngi bénya'wi khá té bimáhhu̱ k'a ra chařoya'wi	despwés ya desde k'a ra momento ya k'a ya jíngi bénya'wi já té bimájju̱ k'a ra charroya'wi	despwés ya desde k'a ra momento ya k'a ya híngi bénya'wi já té bimáhhu̱ k'a ra charroya'wi	despwés ya desde k'a ra momento ya k'a ya híngi bénya'wi já té bimáhhu̱ k'a ra txarroya'wi	despwés ya desde kʔa ra momento ya kʔa ya híngi bényaʔwi khá té bimáhhɨ kʔa ra čarroyaʔwi	despwés ja desde kʔa ra momento ja kʔa ja híngi bénjaʔwi khá té bimáhhɨ kʔa ra t͡ʃarojaʔwi
34	ment	intormentá	intormentá ra zo'	intormentá ra zo'	intormentá ra zo'	intormentá ra zo'	intormentá ra zoʔ	intoɾmentá ra zoʔ
35	ment	alimentos.	Estaban sitiando la Casa Real; mantenían vigilancia, no fuera a ser que alguien entrara a hurtadillas y en secreto les llevara alimentos.	estaban sitiando la tsasa real; mantenían vigilantsia, no fuera a ser que alguien entrara a jurtadillas y en setsreto les llevara alimentos.	estaban sitiando la tsasa real; mantenían vigilantsia, no fuera a ser que alguien entrara a hurtadillas y en setsreto les llevara alimentos.	estaban sitiando la tsasa real; mantenían vigilantsia, no fuera a ser que alguien entrara a hurtadillas y en setsreto les llevara alimentos.	estaban sitiando la casa real; mantenían vigilancia, no phuera a ser que alguien entrara a hurtadillas y en secreto les llevara alimentos.	estaban sitiando la t͡sasa real; mantenían vigilant͡sia, no ɸueɾa a seɾ que alguien entɾaɾa a huɾtadillas j en set͡sɾeto les llevaɾa alimentos.
36	ment	alimento	xi ra tí na ta komedór 'á itsí na ta alimento k'a ra ndăni	xi ra tí na ta komedór 'á itsí na ta alimento k'a ra ndăni	xi ra tí na ta komedór 'á itsí na ta alimento k'a ra ndăni	xi ra tí na ta komedór 'á itsí na ta alimento k'a ra ndăni	ši ra tí na ta komedór ʔá icí na ta alimento kʔa ra ndăni	ʃi ra tí na ta komedóɾ ʔá it͡sí na ta alimento kʔa ra ndăni
37	ment	documento	Nuna m'e̱hna nt'ofo b'e̱tsi ha ra Archivo Histórico Nacional, Madrid, documento 165. Bi unga mfädi ha ra nt'ofo ya zubi po ra y'ofo ra thuhu ra Arthur J. O. Anderson et al.: Byond the codices: The nahua View of Colonial Mexico, Berkeley, University of California Press, 1976, pp. 181-187.	nuna m'e̱jna nt'ofo b'e̱tsi ja ra archivo jistóritso natsional, madrid, dotsumento 165. bi unga mfädi ja ra nt'ofo ya zubi po ra y'ofo ra tjuju ra artjur j. o. anderson et al.: byond tje tsoditses: tje najua view of tsolonial mexitso, berkeley, university of tsalifornia press, 1976, pp. 181-187.	nuna m'e̱hna nt'ofo b'e̱tsi ha ra archivo históritso natsional, madrid, dotsumento 165. bi unga mfädi ha ra nt'ofo ya zubi po ra y'ofo ra thuhu ra arthur j. o. anderson et al.: byond the tsoditses: the nahua view of tsolonial mexitso, berkeley, university of tsalifornia press, 1976, pp. 181-187.	nuna m'e̱hna nt'ofo b'e̱tsi ha ra artxivo históritso natsional, madrid, dotsumento 165. bi unga mfädi ha ra nt'ofo ya zubi po ra y'ofo ra thuhu ra arthur j. o. anderson et al.: byond the tsoditses: the nahua view of tsolonial mexitso, berkeley, university of tsalifornia press, 1976, pp. 181-187.	nuna mʔɛhna ntʔopho bʔɛci ha ra arčivo histórico nacional, madrid, documento 165. bi unga mphᶏdi ha ra ntʔopho ya zubi po ra yʔopho ra thuhu ra arthur kh. o. anderson et al.: byond the codices: the nahua view oph colonial mešico, berkeley, university oph caliphornia press, 1976, pp. 181-187.	nuna mʔɛhna ntʔoɸo bʔɛt͡si ha ra aɾt͡ʃivo históɾit͡so nat͡sional, madɾid, dot͡sumento 165. bi unga mɸãdi ha ra ntʔoɸo ja zubi po ra jʔoɸo ra thuhu ra aɾthuɾ kh. o. andeɾson et al.: bjond the t͡sodit͡ses: the nahua view oɸ t͡solonial meʃit͡so, beɾkelej, univeɾsitj oɸ t͡saliɸoɾnia pɾess, 1976, pp. 181-187.
38	esta	estado	Ra Raymundo Isidro Alavez, bi b'u̱i'i nuni ra Boxtha Chico, San Salvador, estado de Hidalgo	ra raymundo isidro alavez, bi b'u̱i'i nuni ra boxtja chitso, san salvador, estado de jidalgo	ra raymundo isidro alavez, bi b'u̱i'i nuni ra boxtha chitso, san salvador, estado de hidalgo	ra raymundo isidro alavez, bi b'u̱i'i nuni ra boxtha txitso, san salvador, estado de hidalgo	ra raymundo isidro alavez, bi bʔɨiʔi nuni ra boštha čico, san salvador, estado de hidalgo	ra rajmundo isidɾo alavez, bi bʔɨiʔi nuni ra boʃtha t͡ʃit͡so, san salvadoɾ, estado de hidalgo
39	esta	kwesta	pero kwesta díphu̱di i ya goxu̱hti	pero kwesta dífu̱di i ya goxu̱jti	pero kwesta dífu̱di i ya goxu̱hti	pero kwesta dífu̱di i ya goxu̱hti	pero kwesta díphɨdi i ya gošɨhti	peɾo kwesta díɸɨdi i ja goʃɨhti
40	esta	estados.	Nu'u̱ to'o ñä ra ndenzä ha r'e̱t'a ma r'at'o ya estados.	nu'u̱ to'o ñä ra ndenzä ja r'e̱t'a ma r'at'o ya estados.	nu'u̱ to'o ñä ra ndenzä ha r'e̱t'a ma r'at'o ya estados.	nu'u̱ to'o ñä ra ndenzä ha r'e̱t'a ma r'at'o ya estados.	nuʔɨ toʔo ñᶏ ra ndenzᶏ ha rʔɛtʔa ma rʔatʔo ya estados.	nuʔɨ toʔo ɲã ra ndenzã ha rʔɛtʔa ma rʔatʔo ja estados.
41	esta	ballesta”.	-Pasadores: “ya nts'äza xi mra nts'u̱t'i mi t'e̱ni ko n'a ra t'e̱nga ts'u̱t'a bo̱ja mi thutuabi ra ballesta”.	"-pasadores: ""ya nts'äza xi mra nts'u̱t'i mi t'e̱ni ko n'a ra t'e̱nga ts'u̱t'a bo̱ja mi tjutuabi ra ballesta""."	"-pasadores: ""ya nts'äza xi mra nts'u̱t'i mi t'e̱ni ko n'a ra t'e̱nga ts'u̱t'a bo̱ja mi thutuabi ra ballesta""."	"-pasadores: ""ya nts'äza xi mra nts'u̱t'i mi t'e̱ni ko n'a ra t'e̱nga ts'u̱t'a bo̱ja mi thutuabi ra ballesta""."	"-pasadores: ""ya ncʔᶏza ši mra ncʔɨtʔi mi tʔɛni ko nʔa ra tʔɛnga cʔɨtʔa bɔkha mi thutuabi ra ballesta""."	"-pasadoɾes: ""ja nt͡sʔãza ʃi mɾa nt͡sʔɨtʔi mi tʔɛni ko nʔa ra tʔɛnga t͡sʔɨtʔa bɔkha mi thutuabi ra ballesta""."
42	esta	ballesta	mi hä dega bo̱ja ne mi ñ'oui ya mbon'i xi mi fo̱ge inbi fädi nuua xki thät'i ko ya nthähi dega bo̱ja ne xki nkom'i nehe ya jä'i mi tit'i ya ua ko ya bo̱ja ne mi he dega bo̱ja mi hä ya t'e̱nga ts'u̱t'abo̱ja mra thuhu ra ballesta	mi jä dega bo̱ja ne mi ñ'oui ya mbon'i xi mi fo̱ge inbi fädi nuua xki tjät'i ko ya ntjäji dega bo̱ja ne xki nkom'i neje ya jä'i mi tit'i ya ua ko ya bo̱ja ne mi je dega bo̱ja mi jä ya t'e̱nga ts'u̱t'abo̱ja mra tjuju ra ballesta	mi hä dega bo̱ja ne mi ñ'oui ya mbon'i xi mi fo̱ge inbi fädi nuua xki thät'i ko ya nthähi dega bo̱ja ne xki nkom'i nehe ya jä'i mi tit'i ya ua ko ya bo̱ja ne mi he dega bo̱ja mi hä ya t'e̱nga ts'u̱t'abo̱ja mra thuhu ra ballesta	mi hä dega bo̱ja ne mi ñ'oui ya mbon'i xi mi fo̱ge inbi fädi nuua xki thät'i ko ya nthähi dega bo̱ja ne xki nkom'i nehe ya jä'i mi tit'i ya ua ko ya bo̱ja ne mi he dega bo̱ja mi hä ya t'e̱nga ts'u̱t'abo̱ja mra thuhu ra ballesta	mi hᶏ dega bɔkha ne mi ñʔoui ya mbonʔi ši mi phɔge inbi phᶏdi nuua ški thᶏtʔi ko ya nthᶏhi dega bɔkha ne ški nkomʔi nehe ya khᶏʔi mi titʔi ya ua ko ya bɔkha ne mi he dega bɔkha mi hᶏ ya tʔɛnga cʔɨtʔabɔkha mra thuhu ra ballesta	mi hã dega bɔkha ne mi ɲʔoui ja mbonʔi ʃi mi ɸɔge inbi ɸãdi nuua ʃki thãtʔi ko ja nthãhi dega bɔkha ne ʃki nkomʔi nehe ja khãʔi mi titʔi ja ua ko ja bɔkha ne mi he dega bɔkha mi hã ja tʔɛnga t͡sʔɨtʔabɔkha mɾa thuhu ra ballesta
43	esta	ballesta,	Nub'u̱ ba ehe da he̱pu̱, mi to̱tse ha ya hyo. Mi hä nehe n'a ra ballesta, n'a ra dänga ñu̱ni nzafi, ge ba huts'i habu̱ mi mpa ra t'u̱ts'i. Nub'u̱ bri t'e̱nts'a ya hmafi.	nub'u̱ ba eje da je̱pu̱, mi to̱tse ja ya jyo. mi jä neje n'a ra ballesta, n'a ra dänga ñu̱ni nzafi, ge ba juts'i jabu̱ mi mpa ra t'u̱ts'i. nub'u̱ bri t'e̱nts'a ya jmafi.	nub'u̱ ba ehe da he̱pu̱, mi to̱tse ha ya hyo. mi hä nehe n'a ra ballesta, n'a ra dänga ñu̱ni nzafi, ge ba huts'i habu̱ mi mpa ra t'u̱ts'i. nub'u̱ bri t'e̱nts'a ya hmafi.	nub'u̱ ba ehe da he̱pu̱, mi to̱tse ha ya hyo. mi hä nehe n'a ra ballesta, n'a ra dänga ñu̱ni nzafi, ge ba huts'i habu̱ mi mpa ra t'u̱ts'i. nub'u̱ bri t'e̱nts'a ya hmafi.	nubʔɨ ba ehe da hɛpɨ, mi tɔce ha ya hyo. mi hᶏ nehe nʔa ra ballesta, nʔa ra dᶏnga ñɨni nzaphi, ge ba hucʔi habɨ mi mpa ra tʔɨcʔi. nubʔɨ bri tʔɛncʔa ya hmaphi.	nubʔɨ ba ehe da hɛpɨ, mi tɔt͡se ha ja hjo. mi hã nehe nʔa ra ballesta, nʔa ra dãnga ɲɨni nzaɸi, ge ba hut͡sʔi habɨ mi mpa ra tʔɨt͡sʔi. nubʔɨ bɾi tʔɛnt͡sʔa ja hmaɸi.
44	esta	y'estado	nuya y'estado bi b'e̱pabi da o̱t'a n'a ngu n'a, yoho ya dänga nfoy'e̱ di pe̱tsi yoho, pa yoho ya y'e̱ nehe pa yoho ya ua, dega k'astaboja, made di o ya hoga do.	nuya y'estado bi b'e̱pabi da o̱t'a n'a ngu n'a, yojo ya dänga nfoy'e̱ di pe̱tsi yojo, pa yojo ya y'e̱ neje pa yojo ya ua, dega k'astaboja, made di o ya joga do.	nuya y'estado bi b'e̱pabi da o̱t'a n'a ngu n'a, yoho ya dänga nfoy'e̱ di pe̱tsi yoho, pa yoho ya y'e̱ nehe pa yoho ya ua, dega k'astaboja, made di o ya hoga do.	nuya y'estado bi b'e̱pabi da o̱t'a n'a ngu n'a, yoho ya dänga nfoy'e̱ di pe̱tsi yoho, pa yoho ya y'e̱ nehe pa yoho ya ua, dega k'astaboja, made di o ya hoga do.	nuya yʔestado bi bʔɛpabi da ɔtʔa nʔa ngu nʔa, yoho ya dᶏnga nphoyʔɛ di pɛci yoho, pa yoho ya yʔɛ nehe pa yoho ya ua, dega kʔastabokha, made di o ya hoga do.	nuja jʔestado bi bʔɛpabi da ɔtʔa nʔa ngu nʔa, joho ja dãnga nɸojʔɛ di pɛt͡si joho, pa joho ja jʔɛ nehe pa joho ja ua, dega kʔastabokha, made di o ja hoga do.
45	esta	estado	—nu'u̱ dige'u̱ b'u̱i nuni Maxey (Tolimán ne Amealco), dige'u̱ Temoaya nuni ra ra hyodi estado de México ne mar'a ya hyodi nuni Puebla ne Veracruz	-nu'u̱ dige'u̱ b'u̱i nuni maxey (tolimán ne amealtso), dige'u̱ temoaya nuni ra ra jyodi estado de méxitso ne mar'a ya jyodi nuni puebla ne veratsruz	-nu'u̱ dige'u̱ b'u̱i nuni maxey (tolimán ne amealtso), dige'u̱ temoaya nuni ra ra hyodi estado de méxitso ne mar'a ya hyodi nuni puebla ne veratsruz	-nu'u̱ dige'u̱ b'u̱i nuni maxey (tolimán ne amealtso), dige'u̱ temoaya nuni ra ra hyodi estado de méxitso ne mar'a ya hyodi nuni puebla ne veratsruz	-nuʔɨ digeʔɨ bʔɨi nuni mašey (tolimán ne amealco), digeʔɨ temoaya nuni ra ra hyodi estado de méšico ne marʔa ya hyodi nuni puebla ne veracruz	-nuʔɨ digeʔɨ bʔɨi nuni maʃej (tolimán ne amealt͡so), digeʔɨ temoaja nuni ra ra hjodi estado de méʃit͡so ne maɾʔa ja hjodi nuni puebla ne veɾat͡sɾuz
46	esta	ballesta.	Bi gohi xki natsi n'a ra nts'äbo̠ja xi fo̱ta n'a ra ballesta.	bi goji xki natsi n'a ra nts'äbo̱ja xi fo̱ta n'a ra ballesta.	bi gohi xki natsi n'a ra nts'äbo̱ja xi fo̱ta n'a ra ballesta.	bi gohi xki natsi n'a ra nts'äbo̱ja xi fo̱ta n'a ra ballesta.	bi gohi ški naci nʔa ra ncʔᶏbɔkha ši phɔta nʔa ra ballesta.	bi gohi ʃki nat͡si nʔa ra nt͡sʔãbɔkha ʃi ɸɔta nʔa ra ballesta.
47	ones	Investigaciones	Ra Kuän'ahma ra n Luz Jiménez bi huts'i ra Fernando Horkasitas bi unga mfädi ne bi r'atsi nuña hmä), De Porfirio Díaz Zapata, Memoria nábuatl de Milpa Alta, México, UNAM,, Instituto de Investigaciones Históricas, 1974, p. 105	ra kuän'ajma ra n luz jiménez bi juts'i ra fernando jorkasitas bi unga mfädi ne bi r'atsi nuña jmä), de porfirio díaz zapata, memoria nábuatl de milpa alta, méxitso, unam,, instituto de investigatsiones jistóritsas, 1974, p. 105	ra kuän'ahma ra n luz jiménez bi huts'i ra fernando horkasitas bi unga mfädi ne bi r'atsi nuña hmä), de porfirio díaz zapata, memoria nábuatl de milpa alta, méxitso, unam,, instituto de investigatsiones históritsas, 1974, p. 105	ra kuän'ahma ra n luz jiménez bi huts'i ra fernando horkasitas bi unga mfädi ne bi r'atsi nuña hmä), de porfirio díaz zapata, memoria nábuatl de milpa alta, méxitso, unam,, instituto de investigatsiones históritsas, 1974, p. 105	ra kuᶏnʔahma ra n luz khiménez bi hucʔi ra phernando horkasitas bi unga mphᶏdi ne bi rʔaci nuña hmᶏ), de porphirio díaz zapata, memoria nábuatl de milpa alta, méšico, unam,, instituto de investigaciones históricas, 1974, p. 105	ra kuãnʔahma ra n luz khiménez bi hut͡sʔi ra ɸeɾnando hoɾkasitas bi unga mɸãdi ne bi rʔat͡si nuɲa hmã), de poɾɸiɾio díaz zapata, memoɾia nábuatl de milpa alta, méʃit͡so, unam,, instituto de investigat͡siones históɾit͡sas, 1974, p. 105
48	cion	Nacional	Cantares mexicanos, Biblioteca Nacional de México, ya nt'ofo 1628 bis, folio 16 v.	tsantares mexitsanos, bibliotetsa natsional de méxitso, ya nt'ofo 1628 bis, folio 16 v.	tsantares mexitsanos, bibliotetsa natsional de méxitso, ya nt'ofo 1628 bis, folio 16 v.	tsantares mexitsanos, bibliotetsa natsional de méxitso, ya nt'ofo 1628 bis, folio 16 v.	cantares mešicanos, biblioteca nacional de méšico, ya ntʔopho 1628 bis, pholio 16 v.	t͡santaɾes meʃit͡sanos, bibliotet͡sa nat͡sional de méʃit͡so, ja ntʔoɸo 1628 bis, ɸolio 16 v.
49	cion	Nacional	ge b'etsi ha ra Biblioteca Nacional de México.	ge b'etsi ja ra bibliotetsa natsional de méxitso.	ge b'etsi ha ra bibliotetsa natsional de méxitso.	ge b'etsi ha ra bibliotetsa natsional de méxitso.	ge bʔeci ha ra biblioteca nacional de méšico.	ge bʔet͡si ha ra bibliotet͡sa nat͡sional de méʃit͡so.
50	ncia	Audiencia	Nuna nt'ofo b'e̱tsi ha ra Archivo General de Indias, Sevilla, Audiencia de México 168, Bi unga dra fädi po ra Miguel León-Portilla ha Cultura en peligro, México, Alianza Editorial Mexicana, 1976, pp. 102-103.	nuna nt'ofo b'e̱tsi ja ra archivo general de indias, sevilla, audientsia de méxitso 168, bi unga dra fädi po ra miguel león-portilla ja tsultura en peligro, méxitso, alianza editorial mexitsana, 1976, pp. 102-103.	nuna nt'ofo b'e̱tsi ha ra archivo general de indias, sevilla, audientsia de méxitso 168, bi unga dra fädi po ra miguel león-portilla ha tsultura en peligro, méxitso, alianza editorial mexitsana, 1976, pp. 102-103.	nuna nt'ofo b'e̱tsi ha ra artxivo general de indias, sevilla, audientsia de méxitso 168, bi unga dra fädi po ra miguel león-portilla ha tsultura en peligro, méxitso, alianza editorial mexitsana, 1976, pp. 102-103.	nuna ntʔopho bʔɛci ha ra arčivo general de indias, sevilla, audiencia de méšico 168, bi unga dra phᶏdi po ra miguel león-portilla ha cultura en peligro, méšico, alianza editorial mešicana, 1976, pp. 102-103.	nuna ntʔoɸo bʔɛt͡si ha ra aɾt͡ʃivo geneɾal de indias, sevilla, audient͡sia de méʃit͡so 168, bi unga dɾa ɸãdi po ra miguel león-poɾtilla ha t͡sultuɾa en peligɾo, méʃit͡so, alianza editoɾial meʃit͡sana, 1976, pp. 102-103.
51	ient	cimientos	y mirad que no lo descubráis a hijo de madre, so pena de las graves penas de tirar hasta los cimientos de casas,	y mirad que no lo destsubráis a jijo de madre, so pena de las graves penas de tirar jasta los tsimientos de tsasas,	y mirad que no lo destsubráis a hijo de madre, so pena de las graves penas de tirar hasta los tsimientos de tsasas,	y mirad que no lo destsubráis a hijo de madre, so pena de las graves penas de tirar hasta los tsimientos de tsasas,	y mirad que no lo descubráis a hikho de madre, so pena de las graves penas de tirar hasta los cimientos de casas,	j miɾad que no lo dest͡subɾáis a hikho de madɾe, so pena de las gɾaves penas de tiɾaɾ hasta los t͡simientos de t͡sasas,
52	ient	bientiende	hím bientiende	jím bientiende	hím bientiende	hím bientiende	hím bientiende	hím bientiende
53	ient	siento	pues este kábádá balewa este mínimo siento sinkwenta	pues este kábádá balewa este mínimo siento sinkwenta	pues este kábádá balewa este mínimo siento sinkwenta	pues este kábádá balewa este mínimo siento sinkwenta	pues este kábádá balewa este mínimo siento sinkwenta	pues este kábádá balewa este mínimo siento sinkwenta
54	ient	siento	xo bithége tagémi mbidót'i na ra siento chí	xo bitjége tagémi mbidót'i na ra siento chí	xo bithége tagémi mbidót'i na ra siento chí	xo bithége tagémi mbidót'i na ra siento txí	šo bithége tagémi mbidótʔi na ra siento čí	ʃo bithége tagémi mbidótʔi na ra siento t͡ʃí
55	ient	siento	bi'yu̱the na na ra siento chí	bi'yu̱tje na na ra siento chí	bi'yu̱the na na ra siento chí	bi'yu̱the na na ra siento txí	biʔyɨthe na na ra siento čí	biʔjɨthe na na ra siento t͡ʃí
56	ient	siento	siento sinkwenta ná ra máda	siento sinkwenta ná ra máda	siento sinkwenta ná ra máda	siento sinkwenta ná ra máda	siento sinkwenta ná ra máda	siento sinkwenta ná ra máda
57	ient	dosientos	ná ra khu̱ní ya ga dosientos sinkwenta nts'e̱hki	ná ra ju̱ní ya ga dosientos sinkwenta nts'e̱jki	ná ra ju̱ní ya ga dosientos sinkwenta nts'e̱hki	ná ra ju̱ní ya ga dosientos sinkwenta nts'e̱hki	ná ra khɨní ya ga dosientos sinkwenta ncʔɛhki	ná ra khɨní ja ga dosientos sinkwenta nt͡sʔɛhki
58	ient	mientra	ñúdigehña dabadihíya' razo''ya' mientra más dandu̱hté	ñúdigejña dabadijíya' razo''ya' mientra más dandu̱jté	ñúdigehña dabadihíya' razo''ya' mientra más dandu̱hté	ñúdigehña dabadihíya' razo''ya' mientra más dandu̱hté	ñúdigehña dabadihíyaʔ razoʔʔyaʔ mientra más dandɨhté	ɲúdigehɲa dabadihíjaʔ razoʔʔjaʔ mientɾa más dandɨhté
59	idad	universidad	Ya y'ofo ya hñä ya ndeznä ge b'u̱i mapaya, r'a ya xahnate ge udi da nt'ofo ha ya t'u̱ka hnini, nehe r'a ya y'ofo ya y'onga noya (periodista), ya nzahni ha ra universidad ne ma r'a ya jä'i pe̱ts'a ra mfädi ma na'ñ'o, nu'u xa zo̱ts'e ha n'a ra nt'ofo.	ya y'ofo ya jñä ya ndeznä ge b'u̱i mapaya, r'a ya xajnate ge udi da nt'ofo ja ya t'u̱ka jnini, neje r'a ya y'ofo ya y'onga noya (periodista), ya nzajni ja ra universidad ne ma r'a ya jä'i pe̱ts'a ra mfädi ma na'ñ'o, nu'u xa zo̱ts'e ja n'a ra nt'ofo.	ya y'ofo ya hñä ya ndeznä ge b'u̱i mapaya, r'a ya xahnate ge udi da nt'ofo ha ya t'u̱ka hnini, nehe r'a ya y'ofo ya y'onga noya (periodista), ya nzahni ha ra universidad ne ma r'a ya jä'i pe̱ts'a ra mfädi ma na'ñ'o, nu'u xa zo̱ts'e ha n'a ra nt'ofo.	ya y'ofo ya hñä ya ndeznä ge b'u̱i mapaya, r'a ya xahnate ge udi da nt'ofo ha ya t'u̱ka hnini, nehe r'a ya y'ofo ya y'onga noya (periodista), ya nzahni ha ra universidad ne ma r'a ya jä'i pe̱ts'a ra mfädi ma na'ñ'o, nu'u xa zo̱ts'e ha n'a ra nt'ofo.	ya yʔopho ya hñᶏ ya ndeznᶏ ge bʔɨi mapaya, rʔa ya šahnate ge udi da ntʔopho ha ya tʔɨka hnini, nehe rʔa ya yʔopho ya yʔonga noya (periodista), ya nzahni ha ra universidad ne ma rʔa ya khᶏʔi pɛcʔa ra mphᶏdi ma naʔñʔo, nuʔu ša zɔcʔe ha nʔa ra ntʔopho.	ja jʔoɸo ja hɲã ja ndeznã ge bʔɨi mapaja, rʔa ja ʃahnate ge udi da ntʔoɸo ha ja tʔɨka hnini, nehe rʔa ja jʔoɸo ja jʔonga noja (peɾiodista), ja nzahni ha ra univeɾsidad ne ma rʔa ja khãʔi pɛt͡sʔa ra mɸãdi ma naʔɲʔo, nuʔu ʃa zɔt͡sʔe ha nʔa ra ntʔoɸo.
60	idad	Universidad	Nubia, unga mfädi ha ra ñähñu jamädi ra Universidad Autónoma del Estado de Hidalgo.	nubia, unga mfädi ja ra ñäjñu jamädi ra universidad autónoma del estado de jidalgo.	nubia, unga mfädi ha ra ñähñu jamädi ra universidad autónoma del estado de hidalgo.	nubia, unga mfädi ha ra ñähñu jamädi ra universidad autónoma del estado de hidalgo.	nubia, unga mphᶏdi ha ra ñᶏhñu khamᶏdi ra universidad autónoma del estado de hidalgo.	nubia, unga mɸãdi ha ra ɲãhɲu khamãdi ra univeɾsidad autónoma del estado de hidalgo.
61	idad	Trinidad,	Nub'u̱ ri m'e̱hni ne ri b'e̱go ya ñämfo̱ bi juat'i ko ngekagihe ne bi tso̱ho̱ ra gabida ra thuhu ra Hernán Cortés, maske indi pädihe ge gatho da za da o̱t'e ne xi ra nzunda María Trinidad,	nub'u̱ ri m'e̱jni ne ri b'e̱go ya ñämfo̱ bi juat'i ko ngekagije ne bi tso̱jo̱ ra gabida ra tjuju ra jernán tsortés, maske indi pädije ge gatjo da za da o̱t'e ne xi ra nzunda maría trinidad,	nub'u̱ ri m'e̱hni ne ri b'e̱go ya ñämfo̱ bi juat'i ko ngekagihe ne bi tso̱ho̱ ra gabida ra thuhu ra hernán tsortés, maske indi pädihe ge gatho da za da o̱t'e ne xi ra nzunda maría trinidad,	nub'u̱ ri m'e̱hni ne ri b'e̱go ya ñämfo̱ bi juat'i ko ngekagihe ne bi tso̱ho̱ ra gabida ra thuhu ra hernán tsortés, maske indi pädihe ge gatho da za da o̱t'e ne xi ra nzunda maría trinidad,	nubʔɨ ri mʔɛhni ne ri bʔɛgo ya ñᶏmphɔ bi khuatʔi ko ngekagihe ne bi cɔhɔ ra gabida ra thuhu ra hernán cortés, maske indi pᶏdihe ge gatho da za da ɔtʔe ne ši ra nzunda maría trinidad,	nubʔɨ ri mʔɛhni ne ri bʔɛgo ja ɲãmɸɔ bi khuatʔi ko ngekagihe ne bi t͡sɔhɔ ra gabida ra thuhu ra heɾnán t͡soɾtés, maske indi pãdihe ge gatho da za da ɔtʔe ne ʃi ra nzunda maɾía tɾinidad,
62	ento	kontento	pe bu̱ xo dinéthó dinéthóhó digohí xo itichixi ya xo pidinkhá k'a ra kontento	pe bu̱ xo dinétjó dinétjójó digojí xo itichixi ya xo pidinjá k'a ra kontento	pe bu̱ xo dinéthó dinéthóhó digohí xo itichixi ya xo pidinjá k'a ra kontento	pe bu̱ xo dinéthó dinéthóhó digohí xo ititxixi ya xo pidinjá k'a ra kontento	pe bɨ šo dinéthó dinéthóhó digohí šo itičiši ya šo pidinkhá kʔa ra kontento	pe bɨ ʃo dinéthó dinéthóhó digohí ʃo itit͡ʃiʃi ja ʃo pidinkhá kʔa ra kontento
63	ento	entonses	entonses goxu̱héwi	entonses goxu̱jéwi	entonses goxu̱héwi	entonses goxu̱héwi	entonses gošɨhéwi	entonses goʃɨhéwi
64	ento	entonses	entonses despwésya'	entonses despwésya'	entonses despwésya'	entonses despwésya'	entonses despwésyaʔ	entonses despwésjaʔ
65	ento	entonses	entonses xo ndi'bu̱i kontentoya'wi	entonses xo ndi'bu̱i kontentoya'wi	entonses xo ndi'bu̱i kontentoya'wi	entonses xo ndi'bu̱i kontentoya'wi	entonses šo ndiʔbɨi kontentoyaʔwi	entonses ʃo ndiʔbɨi kontentojaʔwi
66	ento	entonses	entonses gothót'ihéwi	entonses gotjót'ijéwi	entonses gothót'ihéwi	entonses gothót'ihéwi	entonses gothótʔihéwi	entonses gothótʔihéwi
67	ento	entonses	entonses gehña dat'ún k'a ra tsisírkulo 'á mediano ke ná ra nant'i'í gothót'ihéya'wi	entonses gejña dat'ún k'a ra tsisírkulo 'á mediano ke ná ra nant'i'í gotjót'ijéya'wi	entonses gehña dat'ún k'a ra tsisírkulo 'á mediano ke ná ra nant'i'í gothót'ihéya'wi	entonses gehña dat'ún k'a ra tsisírkulo 'á mediano ke ná ra nant'i'í gothót'ihéya'wi	entonses gehña datʔún kʔa ra cisírkulo ʔá mediano ke ná ra nantʔiʔí gothótʔihéyaʔwi	entonses gehɲa datʔún kʔa ra t͡sisíɾkulo ʔá mediano ke ná ra nantʔiʔí gothótʔihéjaʔwi
68	ento	entonses	entonses kwadrado ya' ga	entonses kwadrado ya' ga	entonses kwadrado ya' ga	entonses kwadrado ya' ga	entonses kwadrado yaʔ ga	entonses kwadɾado jaʔ ga
69	ento	kontentowi	xo dinkhá k'a ra kontentowi	xo dinjá k'a ra kontentowi	xo dinjá k'a ra kontentowi	xo dinjá k'a ra kontentowi	šo dinkhá kʔa ra kontentowi	ʃo dinkhá kʔa ra kontentowi
70	ento	entonses	entonses gehña genk'a díxu̱hé mähank'aya'wik'a	entonses gejña genk'a díxu̱jé mäjank'aya'wik'a	entonses gehña genk'a díxu̱hé mähank'aya'wik'a	entonses gehña genk'a díxu̱hé mähank'aya'wik'a	entonses gehña genkʔa díšɨhé mᶏhankʔayaʔwikʔa	entonses gehɲa genkʔa díʃɨhé mãhankʔajaʔwikʔa
71	ento	entonses	entonses xo dazu̱hu̱ya' k'a mäpahpá	entonses xo dazu̱ju̱ya' k'a mäpajpá	entonses xo dazu̱hu̱ya' k'a mäpahpá	entonses xo dazu̱hu̱ya' k'a mäpahpá	entonses šo dazɨhɨyaʔ kʔa mᶏpahpá	entonses ʃo dazɨhɨjaʔ kʔa mãpahpá
72	ante	“campanillante”.	M'e̱fa ha ra hñuti bri thätuabi na ra hñe xki tagiri mo̱te, nehe bri jom'a ra xu̱tha ko n'a ra t'axa dutu mra thuhuu ra “campanillante”.	"m'e̱fa ja ra jñuti bri tjätuabi na ra jñe xki tagiri mo̱te, neje bri jom'a ra xu̱tja ko n'a ra t'axa dutu mra tjujuu ra ""tsampanillante""."	"m'e̱fa ha ra hñuti bri thätuabi na ra hñe xki tagiri mo̱te, nehe bri jom'a ra xu̱tha ko n'a ra t'axa dutu mra thuhuu ra ""tsampanillante""."	"m'e̱fa ha ra hñuti bri thätuabi na ra hñe xki tagiri mo̱te, nehe bri jom'a ra xu̱tha ko n'a ra t'axa dutu mra thuhuu ra ""tsampanillante""."	"mʔɛpha ha ra hñuti bri thᶏtuabi na ra hñe ški tagiri mɔte, nehe bri khomʔa ra šɨtha ko nʔa ra tʔaša dutu mra thuhuu ra ""campanillante""."	"mʔɛɸa ha ra hɲuti bɾi thãtuabi na ra hɲe ʃki tagiɾi mɔte, nehe bɾi khomʔa ra ʃɨtha ko nʔa ra tʔaʃa dutu mɾa thuhuu ra ""t͡sampanillante""."
73	ante	Topantemoctzin,	Ra ngoho ra Topantemoctzin, ra me̱tsaboja ra Ts'e̱y'e̱hmu nuni Tlatilulco.	ra ngojo ra topantemotstzin, ra me̱tsaboja ra ts'e̱y'e̱jmu nuni tlatilultso.	ra ngoho ra topantemotstzin, ra me̱tsaboja ra ts'e̱y'e̱hmu nuni tlatilultso.	ra ngoho ra topantemotstzin, ra me̱tsaboja ra ts'e̱y'e̱hmu nuni tlatilultso.	ra ngoho ra topantemoctzin, ra mɛcabokha ra cʔɛyʔɛhmu nuni tlatilulco.	ra ngoho ra topantemot͡stzin, ra mɛt͡sabokha ra t͡sʔɛjʔɛhmu nuni tlatilult͡so.
74	ante	manteb'u̱	Ra nthoki nuna da hneki ra r'ayo, pe gi hmipi ra nu̱ti ya noya, da za da hneki nuya tsogi ge mi ja, nu'a manteb'u̱ mfädi ya xita ya ndeznä	ra ntjoki nuna da jneki ra r'ayo, pe gi jmipi ra nu̱ti ya noya, da za da jneki nuya tsogi ge mi ja, nu'a manteb'u̱ mfädi ya xita ya ndeznä	ra nthoki nuna da hneki ra r'ayo, pe gi hmipi ra nu̱ti ya noya, da za da hneki nuya tsogi ge mi ja, nu'a manteb'u̱ mfädi ya xita ya ndeznä	ra nthoki nuna da hneki ra r'ayo, pe gi hmipi ra nu̱ti ya noya, da za da hneki nuya tsogi ge mi ja, nu'a manteb'u̱ mfädi ya xita ya ndeznä	ra nthoki nuna da hneki ra rʔayo, pe gi hmipi ra nɨti ya noya, da za da hneki nuya cogi ge mi kha, nuʔa mantebʔɨ mphᶏdi ya šita ya ndeznᶏ	ra nthoki nuna da hneki ra rʔajo, pe gi hmipi ra nɨti ja noja, da za da hneki nuja t͡sogi ge mi kha, nuʔa mantebʔɨ mɸãdi ja ʃita ja ndeznã
75	ante	manteb'u̱.	mi b'e̱t'o nuya dänga gabida ge mi pädi da o̱t'e ya ntuhni njabu̱ mi fädi mra mabagi, ngu mi nzäi manteb'u̱.	mi b'e̱t'o nuya dänga gabida ge mi pädi da o̱t'e ya ntujni njabu̱ mi fädi mra mabagi, ngu mi nzäi manteb'u̱.	mi b'e̱t'o nuya dänga gabida ge mi pädi da o̱t'e ya ntuhni njabu̱ mi fädi mra mabagi, ngu mi nzäi manteb'u̱.	mi b'e̱t'o nuya dänga gabida ge mi pädi da o̱t'e ya ntuhni njabu̱ mi fädi mra mabagi, ngu mi nzäi manteb'u̱.	mi bʔɛtʔo nuya dᶏnga gabida ge mi pᶏdi da ɔtʔe ya ntuhni nkhabɨ mi phᶏdi mra mabagi, ngu mi nzᶏi mantebʔɨ.	mi bʔɛtʔo nuja dãnga gabida ge mi pãdi da ɔtʔe ja ntuhni nkhabɨ mi ɸãdi mɾa mabagi, ngu mi nzãi mantebʔɨ.
76	ante	manteb'u̱,	Ra Europa -mra nxika hai manteb'u̱, mi pe̱tsa n'a ra nxika b'ede—	ra europa -mra nxika jai manteb'u̱, mi pe̱tsa n'a ra nxika b'ede-	ra europa -mra nxika hai manteb'u̱, mi pe̱tsa n'a ra nxika b'ede-	ra europa -mra nxika hai manteb'u̱, mi pe̱tsa n'a ra nxika b'ede-	ra europa -mra nšika hai mantebʔɨ, mi pɛca nʔa ra nšika bʔede-	ra euɾopa -mɾa nʃika hai mantebʔɨ, mi pɛt͡sa nʔa ra nʃika bʔede-
77	ante	manteb'u̱	Ge'a nu'a mä tsogi da unga mfädi ge n'a ra thuhu ge mi uni ra nzaki n'a ra hnei mi nei ya jä'i manteb'u̱ dige'a ra Ts'okat'o̱t' amfeni.	ge'a nu'a mä tsogi da unga mfädi ge n'a ra tjuju ge mi uni ra nzaki n'a ra jnei mi nei ya jä'i manteb'u̱ dige'a ra ts'okat'o̱t' amfeni.	ge'a nu'a mä tsogi da unga mfädi ge n'a ra thuhu ge mi uni ra nzaki n'a ra hnei mi nei ya jä'i manteb'u̱ dige'a ra ts'okat'o̱t' amfeni.	ge'a nu'a mä tsogi da unga mfädi ge n'a ra thuhu ge mi uni ra nzaki n'a ra hnei mi nei ya jä'i manteb'u̱ dige'a ra ts'okat'o̱t' amfeni.	geʔa nuʔa mᶏ cogi da unga mphᶏdi ge nʔa ra thuhu ge mi uni ra nzaki nʔa ra hnei mi nei ya khᶏʔi mantebʔɨ digeʔa ra cʔokatʔɔtʔ ampheni.	geʔa nuʔa mã t͡sogi da unga mɸãdi ge nʔa ra thuhu ge mi uni ra nzaki nʔa ra hnei mi nei ja khãʔi mantebʔɨ digeʔa ra t͡sʔokatʔɔtʔ amɸeni.
78	ante	manteb'u̱,	Nuua t'unga yoho ya hmä, kuän'ahmä ya ndeznä ne thuts'i ha n'a ra k'oi mä mäjuäni ri nthe̱ui n'a ya dänga ra thu̱ahmä manteb'u̱, nuua pede nu'a gatho ya ts'othogi bi y'o̱t'a dega fete ra Alvarado.	nuua t'unga yojo ya jmä, kuän'ajmä ya ndeznä ne tjuts'i ja n'a ra k'oi mä mäjuäni ri ntje̱ui n'a ya dänga ra tju̱ajmä manteb'u̱, nuua pede nu'a gatjo ya ts'otjogi bi y'o̱t'a dega fete ra alvarado.	nuua t'unga yoho ya hmä, kuän'ahmä ya ndeznä ne thuts'i ha n'a ra k'oi mä mäjuäni ri nthe̱ui n'a ya dänga ra thu̱ahmä manteb'u̱, nuua pede nu'a gatho ya ts'othogi bi y'o̱t'a dega fete ra alvarado.	nuua t'unga yoho ya hmä, kuän'ahmä ya ndeznä ne thuts'i ha n'a ra k'oi mä mäjuäni ri nthe̱ui n'a ya dänga ra thu̱ahmä manteb'u̱, nuua pede nu'a gatho ya ts'othogi bi y'o̱t'a dega fete ra alvarado.	nuua tʔunga yoho ya hmᶏ, kuᶏnʔahmᶏ ya ndeznᶏ ne thucʔi ha nʔa ra kʔoi mᶏ mᶏkhuᶏni ri nthɛui nʔa ya dᶏnga ra thɨahmᶏ mantebʔɨ, nuua pede nuʔa gatho ya cʔothogi bi yʔɔtʔa dega phete ra alvarado.	nuua tʔunga joho ja hmã, kuãnʔahmã ja ndeznã ne thut͡sʔi ha nʔa ra kʔoi mã mãkhuãni ri nthɛui nʔa ja dãnga ra thɨahmã mantebʔɨ, nuua pede nuʔa gatho ja t͡sʔothogi bi jʔɔtʔa dega ɸete ra alvaɾado.
79	ante	manteb'u̱,	Nuni Huexotzingo xki m'u̱i r'a ya ndä mi fädi mi pe̱tsuabi ra t'ek'ei, nehe r'a to'o mi pädi ra hoga hñä, xki no̱t'e ha nuya ntuhni ya mi n'angu mi pe̱tsa ya ts'e̱di. Nuna hogabeni mi ndo̱ni nubia ha nuna b'ist'ofo ge udi gatho ya ñ'udi ya manteb'u̱, ya ntuhni ya thogi bi nja nuua ha ya hyodi made gatho M'onda.	nuni juexotzingo xki m'u̱i r'a ya ndä mi fädi mi pe̱tsuabi ra t'ek'ei, neje r'a to'o mi pädi ra joga jñä, xki no̱t'e ja nuya ntujni ya mi n'angu mi pe̱tsa ya ts'e̱di. nuna jogabeni mi ndo̱ni nubia ja nuna b'ist'ofo ge udi gatjo ya ñ'udi ya manteb'u̱, ya ntujni ya tjogi bi nja nuua ja ya jyodi made gatjo m'onda.	nuni huexotzingo xki m'u̱i r'a ya ndä mi fädi mi pe̱tsuabi ra t'ek'ei, nehe r'a to'o mi pädi ra hoga hñä, xki no̱t'e ha nuya ntuhni ya mi n'angu mi pe̱tsa ya ts'e̱di. nuna hogabeni mi ndo̱ni nubia ha nuna b'ist'ofo ge udi gatho ya ñ'udi ya manteb'u̱, ya ntuhni ya thogi bi nja nuua ha ya hyodi made gatho m'onda.	nuni huexotzingo xki m'u̱i r'a ya ndä mi fädi mi pe̱tsuabi ra t'ek'ei, nehe r'a to'o mi pädi ra hoga hñä, xki no̱t'e ha nuya ntuhni ya mi n'angu mi pe̱tsa ya ts'e̱di. nuna hogabeni mi ndo̱ni nubia ha nuna b'ist'ofo ge udi gatho ya ñ'udi ya manteb'u̱, ya ntuhni ya thogi bi nja nuua ha ya hyodi made gatho m'onda.	nuni huešotzingo ški mʔɨi rʔa ya ndᶏ mi phᶏdi mi pɛcuabi ra tʔekʔei, nehe rʔa toʔo mi pᶏdi ra hoga hñᶏ, ški nɔtʔe ha nuya ntuhni ya mi nʔangu mi pɛca ya cʔɛdi. nuna hogabeni mi ndɔni nubia ha nuna bʔistʔopho ge udi gatho ya ñʔudi ya mantebʔɨ, ya ntuhni ya thogi bi nkha nuua ha ya hyodi made gatho mʔonda.	nuni hueʃotzingo ʃki mʔɨi rʔa ja ndã mi ɸãdi mi pɛt͡suabi ra tʔekʔei, nehe rʔa toʔo mi pãdi ra hoga hɲã, ʃki nɔtʔe ha nuja ntuhni ja mi nʔangu mi pɛt͡sa ja t͡sʔɛdi. nuna hogabeni mi ndɔni nubia ha nuna bʔistʔoɸo ge udi gatho ja ɲʔudi ja mantebʔɨ, ja ntuhni ja thogi bi nkha nuua ha ja hjodi made gatho mʔonda.
80	ante	bastante	indu̱odiagí bastante	indu̱odiagí bastante	indu̱odiagí bastante	indu̱odiagí bastante	indɨodiagí bastante	indɨodiagí bastante
81	ante	manteb'u̱.	ne nu'a thuts'i ra nt'o̱t'e ra Cortés habu̱ ra za ne hanja bi o̱tuabi ra ñ'u̱ ya ndä ya ndeznä pa da dapabi gatho ra k'astaboja ne mar'a ya m'e̱tsaboja mi pe̱tsi mi o̱t'a ya mapa xki thogi manteb'u̱.	ne nu'a tjuts'i ra nt'o̱t'e ra tsortés jabu̱ ra za ne janja bi o̱tuabi ra ñ'u̱ ya ndä ya ndeznä pa da dapabi gatjo ra k'astaboja ne mar'a ya m'e̱tsaboja mi pe̱tsi mi o̱t'a ya mapa xki tjogi manteb'u̱.	ne nu'a thuts'i ra nt'o̱t'e ra tsortés habu̱ ra za ne hanja bi o̱tuabi ra ñ'u̱ ya ndä ya ndeznä pa da dapabi gatho ra k'astaboja ne mar'a ya m'e̱tsaboja mi pe̱tsi mi o̱t'a ya mapa xki thogi manteb'u̱.	ne nu'a thuts'i ra nt'o̱t'e ra tsortés habu̱ ra za ne hanja bi o̱tuabi ra ñ'u̱ ya ndä ya ndeznä pa da dapabi gatho ra k'astaboja ne mar'a ya m'e̱tsaboja mi pe̱tsi mi o̱t'a ya mapa xki thogi manteb'u̱.	ne nuʔa thucʔi ra ntʔɔtʔe ra cortés habɨ ra za ne hankha bi ɔtuabi ra ñʔɨ ya ndᶏ ya ndeznᶏ pa da dapabi gatho ra kʔastabokha ne marʔa ya mʔɛcabokha mi pɛci mi ɔtʔa ya mapa ški thogi mantebʔɨ.	ne nuʔa thut͡sʔi ra ntʔɔtʔe ra t͡soɾtés habɨ ra za ne hankha bi ɔtuabi ra ɲʔɨ ja ndã ja ndeznã pa da dapabi gatho ra kʔastabokha ne maɾʔa ja mʔɛt͡sabokha mi pɛt͡si mi ɔtʔa ja mapa ʃki thogi mantebʔɨ.
82	ante	panteón	á panteón ga dó níhí	á panteón ga dó níjí	á panteón ga dó níhí	á panteón ga dó níhí	á panteón ga dó níhí	á panteón ga dó níhí
83	ante	panteón	panteón ga dó	panteón ga dó	panteón ga dó	panteón ga dó	panteón ga dó	panteón ga dó
84	ante	manteb'u̱.	Nu'a dra o̱t'e ra b'e̱di dra udi ya he̱m'i ya hai, ge mi mä ge po̱de ra me̱ti to'o mi pe̱tsi nuya he̱m'i, ge mia hai xki ñ'epu̱ ya pa manteb'u̱.	nu'a dra o̱t'e ra b'e̱di dra udi ya je̱m'i ya jai, ge mi mä ge po̱de ra me̱ti to'o mi pe̱tsi nuya je̱m'i, ge mia jai xki ñ'epu̱ ya pa manteb'u̱.	nu'a dra o̱t'e ra b'e̱di dra udi ya he̱m'i ya hai, ge mi mä ge po̱de ra me̱ti to'o mi pe̱tsi nuya he̱m'i, ge mia hai xki ñ'epu̱ ya pa manteb'u̱.	nu'a dra o̱t'e ra b'e̱di dra udi ya he̱m'i ya hai, ge mi mä ge po̱de ra me̱ti to'o mi pe̱tsi nuya he̱m'i, ge mia hai xki ñ'epu̱ ya pa manteb'u̱.	nuʔa dra ɔtʔe ra bʔɛdi dra udi ya hɛmʔi ya hai, ge mi mᶏ ge pɔde ra mɛti toʔo mi pɛci nuya hɛmʔi, ge mia hai ški ñʔepɨ ya pa mantebʔɨ.	nuʔa dɾa ɔtʔe ra bʔɛdi dɾa udi ja hɛmʔi ja hai, ge mi mã ge pɔde ra mɛti toʔo mi pɛt͡si nuja hɛmʔi, ge mia hai ʃki ɲʔepɨ ja pa mantebʔɨ.
85	ante	manteb'u̱	Ndunthi to'o bi bongi nu'a manteb'u̱ ya hogam'u̱i; nehe nuya tsogi ne mar'a ya jä'i mi b'u̱i ha ra hnini, bri xahni ha ya nguzadi ya makja, xki te nuna bäsjä'i ya bi mpädi bi y'ofo ge b'estho bi o̱nt'a ha ya he̱m'i xahño, nehe bi bädi te mar'a ya ndoki mar'a n'añ'o ya b'e̱fi bri zahni	nduntji to'o bi bongi nu'a manteb'u̱ ya jogam'u̱i; neje nuya tsogi ne mar'a ya jä'i mi b'u̱i ja ra jnini, bri xajni ja ya nguzadi ya makja, xki te nuna bäsjä'i ya bi mpädi bi y'ofo ge b'estjo bi o̱nt'a ja ya je̱m'i xajño, neje bi bädi te mar'a ya ndoki mar'a n'añ'o ya b'e̱fi bri zajni	ndunthi to'o bi bongi nu'a manteb'u̱ ya hogam'u̱i; nehe nuya tsogi ne mar'a ya jä'i mi b'u̱i ha ra hnini, bri xahni ha ya nguzadi ya makja, xki te nuna bäsjä'i ya bi mpädi bi y'ofo ge b'estho bi o̱nt'a ha ya he̱m'i xahño, nehe bi bädi te mar'a ya ndoki mar'a n'añ'o ya b'e̱fi bri zahni	ndunthi to'o bi bongi nu'a manteb'u̱ ya hogam'u̱i; nehe nuya tsogi ne mar'a ya jä'i mi b'u̱i ha ra hnini, bri xahni ha ya nguzadi ya makja, xki te nuna bäsjä'i ya bi mpädi bi y'ofo ge b'estho bi o̱nt'a ha ya he̱m'i xahño, nehe bi bädi te mar'a ya ndoki mar'a n'añ'o ya b'e̱fi bri zahni	ndunthi toʔo bi bongi nuʔa mantebʔɨ ya hogamʔɨi; nehe nuya cogi ne marʔa ya khᶏʔi mi bʔɨi ha ra hnini, bri šahni ha ya nguzadi ya makkha, ški te nuna bᶏskhᶏʔi ya bi mpᶏdi bi yʔopho ge bʔestho bi ɔntʔa ha ya hɛmʔi šahño, nehe bi bᶏdi te marʔa ya ndoki marʔa nʔañʔo ya bʔɛphi bri zahni	ndunthi toʔo bi bongi nuʔa mantebʔɨ ja hogamʔɨi; nehe nuja t͡sogi ne maɾʔa ja khãʔi mi bʔɨi ha ra hnini, bɾi ʃahni ha ja nguzadi ja makkha, ʃki te nuna bãskhãʔi ja bi mpãdi bi jʔoɸo ge bʔestho bi ɔntʔa ha ja hɛmʔi ʃahɲo, nehe bi bãdi te maɾʔa ja ndoki maɾʔa nʔaɲʔo ja bʔɛɸi bɾi zahni
86	ante	manteb´u̱	xki, thoki ngu nzäi ya jäi manteb´u̱ por´a ya t´u̱ki cuícapicque o ya hogahiäahmä ya ndeznä bi bongi.	xki, tjoki ngu nzäi ya jäi manteb´u̱ por´a ya t´u̱ki tsuítsapitsque o ya jogajiäajmä ya ndeznä bi bongi.	xki, thoki ngu nzäi ya jäi manteb´u̱ por´a ya t´u̱ki tsuítsapitsque o ya hogahiäahmä ya ndeznä bi bongi.	xki, thoki ngu nzäi ya jäi manteb´u̱ por´a ya t´u̱ki tsuítsapitsque o ya hogahiäahmä ya ndeznä bi bongi.	ški, thoki ngu nzᶏi ya khᶏi manteb´ɨ por´a ya t´ɨki cuícapicque o ya hogahiᶏahmᶏ ya ndeznᶏ bi bongi.	ʃki, thoki ngu nzãi ja khãi manteb´ɨ poɾ´a ja t´ɨki t͡suít͡sapit͡sque o ja hogahiãahmã ja ndeznã bi bongi.
87	ante	manteb'u̱	(Ya hmä manteb'u̱ ya ñänfo̱ ha ya b'ist'ofo̱ nuya mu̱dimehai)	(ya jmä manteb'u̱ ya ñänfo̱ ja ya b'ist'ofo̱ nuya mu̱dimejai)	(ya hmä manteb'u̱ ya ñänfo̱ ha ya b'ist'ofo̱ nuya mu̱dimehai)	(ya hmä manteb'u̱ ya ñänfo̱ ha ya b'ist'ofo̱ nuya mu̱dimehai)	(ya hmᶏ mantebʔɨ ya ñᶏnphɔ ha ya bʔistʔophɔ nuya mɨdimehai)	(ja hmã mantebʔɨ ja ɲãnɸɔ ha ja bʔistʔoɸɔ nuja mɨdimehai)
88	ante	manteb'u̱	Nubia di xi'a'ihe ge inda thogi ndunthi ya pa pa da hneki da nts'oki ri hnini ra Huexotzinco, ra nge'a ma met'o inbi fädi dra jut'a ra boja ne into mi nzäi da uni, di geb'u̱ ma dadahe, ma xitahe, ya jä'i bi b'u̱i manteb'u̱ inbi fädi nuna njut'i, ra nge'a into mi b'e̱pi da t'o̱t'e njabu̱ [...	nubia di xi'a'ije ge inda tjogi nduntji ya pa pa da jneki da nts'oki ri jnini ra juexotzintso, ra nge'a ma met'o inbi fädi dra jut'a ra boja ne into mi nzäi da uni, di geb'u̱ ma dadaje, ma xitaje, ya jä'i bi b'u̱i manteb'u̱ inbi fädi nuna njut'i, ra nge'a into mi b'e̱pi da t'o̱t'e njabu̱ [...	nubia di xi'a'ihe ge inda thogi ndunthi ya pa pa da hneki da nts'oki ri hnini ra huexotzintso, ra nge'a ma met'o inbi fädi dra jut'a ra boja ne into mi nzäi da uni, di geb'u̱ ma dadahe, ma xitahe, ya jä'i bi b'u̱i manteb'u̱ inbi fädi nuna njut'i, ra nge'a into mi b'e̱pi da t'o̱t'e njabu̱ [...	nubia di xi'a'ihe ge inda thogi ndunthi ya pa pa da hneki da nts'oki ri hnini ra huexotzintso, ra nge'a ma met'o inbi fädi dra jut'a ra boja ne into mi nzäi da uni, di geb'u̱ ma dadahe, ma xitahe, ya jä'i bi b'u̱i manteb'u̱ inbi fädi nuna njut'i, ra nge'a into mi b'e̱pi da t'o̱t'e njabu̱ [...	nubia di šiʔaʔihe ge inda thogi ndunthi ya pa pa da hneki da ncʔoki ri hnini ra huešotzinco, ra ngeʔa ma metʔo inbi phᶏdi dra khutʔa ra bokha ne into mi nzᶏi da uni, di gebʔɨ ma dadahe, ma šitahe, ya khᶏʔi bi bʔɨi mantebʔɨ inbi phᶏdi nuna nkhutʔi, ra ngeʔa into mi bʔɛpi da tʔɔtʔe nkhabɨ [...	nubia di ʃiʔaʔihe ge inda thogi ndunthi ja pa pa da hneki da nt͡sʔoki ri hnini ra hueʃotzint͡so, ra ngeʔa ma metʔo inbi ɸãdi dɾa khutʔa ra bokha ne into mi nzãi da uni, di gebʔɨ ma dadahe, ma ʃitahe, ja khãʔi bi bʔɨi mantebʔɨ inbi ɸãdi nuna nkhutʔi, ra ngeʔa into mi bʔɛpi da tʔɔtʔe nkhabɨ [...
89	ante	Tehuantepec,	Ne njabu̱ bri t'ot'e nehe ko mar'a ya bo̱nahmu mi pe̱tsi ra t'u̱ka tsu̱tui ha ya t'u̱ka hnini, nuyu̱ to'o mi b'e̱pi da t'o̱t'e ngu nuni Xalapan, Tlaxcalan, Tehuantepec, Oaxaca nehe mar'a ya bo̱nahmu mar'a ya t'u̱ka hnini habu̱ bi guat'i ya nduste, ya dumanthuhu dega k'astaboja, ge ya thuhu ya kristiano [...]	ne njabu̱ bri t'ot'e neje ko mar'a ya bo̱najmu mi pe̱tsi ra t'u̱ka tsu̱tui ja ya t'u̱ka jnini, nuyu̱ to'o mi b'e̱pi da t'o̱t'e ngu nuni xalapan, tlaxtsalan, tejuantepets, oaxatsa neje mar'a ya bo̱najmu mar'a ya t'u̱ka jnini jabu̱ bi guat'i ya nduste, ya dumantjuju dega k'astaboja, ge ya tjuju ya kristiano [...]	ne njabu̱ bri t'ot'e nehe ko mar'a ya bo̱nahmu mi pe̱tsi ra t'u̱ka tsu̱tui ha ya t'u̱ka hnini, nuyu̱ to'o mi b'e̱pi da t'o̱t'e ngu nuni xalapan, tlaxtsalan, tehuantepets, oaxatsa nehe mar'a ya bo̱nahmu mar'a ya t'u̱ka hnini habu̱ bi guat'i ya nduste, ya dumanthuhu dega k'astaboja, ge ya thuhu ya kristiano [...]	ne njabu̱ bri t'ot'e nehe ko mar'a ya bo̱nahmu mi pe̱tsi ra t'u̱ka tsu̱tui ha ya t'u̱ka hnini, nuyu̱ to'o mi b'e̱pi da t'o̱t'e ngu nuni xalapan, tlaxtsalan, tehuantepets, oaxatsa nehe mar'a ya bo̱nahmu mar'a ya t'u̱ka hnini habu̱ bi guat'i ya nduste, ya dumanthuhu dega k'astaboja, ge ya thuhu ya kristiano [...]	ne nkhabɨ bri tʔotʔe nehe ko marʔa ya bɔnahmu mi pɛci ra tʔɨka cɨtui ha ya tʔɨka hnini, nuyɨ toʔo mi bʔɛpi da tʔɔtʔe ngu nuni šalapan, tlašcalan, tehuantepec, oašaca nehe marʔa ya bɔnahmu marʔa ya tʔɨka hnini habɨ bi guatʔi ya nduste, ya dumanthuhu dega kʔastabokha, ge ya thuhu ya kristiano [...]	ne nkhabɨ bɾi tʔotʔe nehe ko maɾʔa ja bɔnahmu mi pɛt͡si ra tʔɨka t͡sɨtui ha ja tʔɨka hnini, nujɨ toʔo mi bʔɛpi da tʔɔtʔe ngu nuni ʃalapan, tlaʃt͡salan, tehuantepet͡s, oaʃat͡sa nehe maɾʔa ja bɔnahmu maɾʔa ja tʔɨka hnini habɨ bi guatʔi ja nduste, ja dumanthuhu dega kʔastabokha, ge ja thuhu ja kɾistiano [...]
90	ante	manteb'u̱	po̱ni nubia ra hyats'i ha n'a ra hñäki mi nja digeb'u̱ manteb'u̱ ge ñä ndunthi ya jä'i nuua M'onda.	po̱ni nubia ra jyats'i ja n'a ra jñäki mi nja digeb'u̱ manteb'u̱ ge ñä nduntji ya jä'i nuua m'onda.	po̱ni nubia ra hyats'i ha n'a ra hñäki mi nja digeb'u̱ manteb'u̱ ge ñä ndunthi ya jä'i nuua m'onda.	po̱ni nubia ra hyats'i ha n'a ra hñäki mi nja digeb'u̱ manteb'u̱ ge ñä ndunthi ya jä'i nuua m'onda.	pɔni nubia ra hyacʔi ha nʔa ra hñᶏki mi nkha digebʔɨ mantebʔɨ ge ñᶏ ndunthi ya khᶏʔi nuua mʔonda.	pɔni nubia ra hjat͡sʔi ha nʔa ra hɲãki mi nkha digebʔɨ mantebʔɨ ge ɲã ndunthi ja khãʔi nuua mʔonda.
91	ante	manteb'u̱	Pe nuna mi thämfri ne o̱t'e nuya jä'i mi b'u̱i ha ra ximhai manteb'u̱ po nu'a mi ja ne ya jä'i mi b'u̱i nuua nuna däta xe̱ni hai, n'andi t'o̱t'a ya mfeni ko ra nupamfeni n'a ngu n'a ne ra mu̱dik'at'i bi nku̱ts'i nuna ra tso̱ho̱ ya t'axa jä'i mbi handi ya mu̱dimehai nehe inbi fädi nuua mi ja ra b'u̱i.	pe nuna mi tjämfri ne o̱t'e nuya jä'i mi b'u̱i ja ra ximjai manteb'u̱ po nu'a mi ja ne ya jä'i mi b'u̱i nuua nuna däta xe̱ni jai, n'andi t'o̱t'a ya mfeni ko ra nupamfeni n'a ngu n'a ne ra mu̱dik'at'i bi nku̱ts'i nuna ra tso̱jo̱ ya t'axa jä'i mbi jandi ya mu̱dimejai neje inbi fädi nuua mi ja ra b'u̱i.	pe nuna mi thämfri ne o̱t'e nuya jä'i mi b'u̱i ha ra ximhai manteb'u̱ po nu'a mi ja ne ya jä'i mi b'u̱i nuua nuna däta xe̱ni hai, n'andi t'o̱t'a ya mfeni ko ra nupamfeni n'a ngu n'a ne ra mu̱dik'at'i bi nku̱ts'i nuna ra tso̱ho̱ ya t'axa jä'i mbi handi ya mu̱dimehai nehe inbi fädi nuua mi ja ra b'u̱i.	pe nuna mi thämfri ne o̱t'e nuya jä'i mi b'u̱i ha ra ximhai manteb'u̱ po nu'a mi ja ne ya jä'i mi b'u̱i nuua nuna däta xe̱ni hai, n'andi t'o̱t'a ya mfeni ko ra nupamfeni n'a ngu n'a ne ra mu̱dik'at'i bi nku̱ts'i nuna ra tso̱ho̱ ya t'axa jä'i mbi handi ya mu̱dimehai nehe inbi fädi nuua mi ja ra b'u̱i.	pe nuna mi thᶏmphri ne ɔtʔe nuya khᶏʔi mi bʔɨi ha ra šimhai mantebʔɨ po nuʔa mi kha ne ya khᶏʔi mi bʔɨi nuua nuna dᶏta šɛni hai, nʔandi tʔɔtʔa ya mpheni ko ra nupampheni nʔa ngu nʔa ne ra mɨdikʔatʔi bi nkɨcʔi nuna ra cɔhɔ ya tʔaša khᶏʔi mbi handi ya mɨdimehai nehe inbi phᶏdi nuua mi kha ra bʔɨi.	pe nuna mi thãmɸɾi ne ɔtʔe nuja khãʔi mi bʔɨi ha ra ʃimhai mantebʔɨ po nuʔa mi kha ne ja khãʔi mi bʔɨi nuua nuna dãta ʃɛni hai, nʔandi tʔɔtʔa ja mɸeni ko ra nupamɸeni nʔa ngu nʔa ne ra mɨdikʔatʔi bi nkɨt͡sʔi nuna ra t͡sɔhɔ ja tʔaʃa khãʔi mbi handi ja mɨdimehai nehe inbi ɸãdi nuua mi kha ra bʔɨi.
92	ante	bastantegí	ya bastantegí ná ra bída dí'bu̱i	ya bastantegí ná ra bída dí'bu̱i	ya bastantegí ná ra bída dí'bu̱i	ya bastantegí ná ra bída dí'bu̱i	ya bastantegí ná ra bída díʔbɨi	ja bastantegí ná ra bída díʔbɨi
93	ante	Estudiante	Nuna ra yoho b'ist'ofo dige'a nuna t'embabi ra ”Biblioteca del Estudiante Universitario”	"nuna ra yojo b'ist'ofo dige'a nuna t'embabi ra ""bibliotetsa del estudiante universitario"""	"nuna ra yoho b'ist'ofo dige'a nuna t'embabi ra ""bibliotetsa del estudiante universitario"""	"nuna ra yoho b'ist'ofo dige'a nuna t'embabi ra ""bibliotetsa del estudiante universitario"""	"nuna ra yoho bʔistʔopho digeʔa nuna tʔembabi ra ""biblioteca del estudiante universitario"""	"nuna ra joho bʔistʔoɸo digeʔa nuna tʔembabi ra ""bibliotet͡sa del estudiante univeɾsitaɾio"""
94	ante	Topantemoctzin,	Ra Tecucyahuácatl, ra Topantemoctzin, ra Tezcacohuácatl, ra Quiyotecatzin ra Tlacatéccatl Temilotzin, ra Tlacochcálcatl Coyohuehuetzin ne ra Tziuhtecpanécatl Matlalacatzin.	ra tetsutsyajuátsatl, ra topantemotstzin, ra teztsatsojuátsatl, ra quiyotetsatzin ra tlatsatétstsatl temilotzin, ra tlatsochtsáltsatl tsoyojuejuetzin ne ra tziujtetspanétsatl matlalatsatzin.	ra tetsutsyahuátsatl, ra topantemotstzin, ra teztsatsohuátsatl, ra quiyotetsatzin ra tlatsatétstsatl temilotzin, ra tlatsochtsáltsatl tsoyohuehuetzin ne ra tziuhtetspanétsatl matlalatsatzin.	ra tetsutsyahuátsatl, ra topantemotstzin, ra teztsatsohuátsatl, ra quiyotetsatzin ra tlatsatétstsatl temilotzin, ra tlatsotxtsáltsatl tsoyohuehuetzin ne ra tziuhtetspanétsatl matlalatsatzin.	ra tecucyahuácatl, ra topantemoctzin, ra tezcacohuácatl, ra quiyotecatzin ra tlacatéccatl temilotzin, ra tlacočcálcatl coyohuehuetzin ne ra tziuhtecpanécatl matlalacatzin.	ra tet͡sut͡sjahuát͡satl, ra topantemot͡stzin, ra tezt͡sat͡sohuát͡satl, ra quijotet͡satzin ra tlat͡satét͡st͡satl temilotzin, ra tlat͡sot͡ʃt͡sált͡satl t͡sojohuehuetzin ne ra tziuhtet͡spanét͡satl matlalat͡satzin.
95	ante	manteb'u̱.	Nuni ri ngati pa mañä, nuna hai ma me̱tihe bi tsogagihe ma xitahe. Mra me̱tihe gatho nuya mapa bi thogi manteb'u̱.	nuni ri ngati pa mañä, nuna jai ma me̱tije bi tsogagije ma xitaje. mra me̱tije gatjo nuya mapa bi tjogi manteb'u̱.	nuni ri ngati pa mañä, nuna hai ma me̱tihe bi tsogagihe ma xitahe. mra me̱tihe gatho nuya mapa bi thogi manteb'u̱.	nuni ri ngati pa mañä, nuna hai ma me̱tihe bi tsogagihe ma xitahe. mra me̱tihe gatho nuya mapa bi thogi manteb'u̱.	nuni ri ngati pa mañᶏ, nuna hai ma mɛtihe bi cogagihe ma šitahe. mra mɛtihe gatho nuya mapa bi thogi mantebʔɨ.	nuni ri ngati pa maɲã, nuna hai ma mɛtihe bi t͡sogagihe ma ʃitahe. mɾa mɛtihe gatho nuja mapa bi thogi mantebʔɨ.
96	ante	manteb'u̱e	Ya kuän' ahmä xa thogi manteb'u̱e ge xa thäst'i nu'a gatho ra Nthandi to'o bi B'e̱di ge xa pu̱ngahñä nuna hmä getbu̱ n'ate ya hñäki ge ñä ya nso̱ho̱ hñäki ne xa y'oni nuna nt'ofo nehe ha ra hñäki yazi xada jä'i , ge'a nuna hñäki fadi ha ra hñämfo ko ra thuhu ra sistema Braile.	ya kuän' ajmä xa tjogi manteb'u̱e ge xa tjäst'i nu'a gatjo ra ntjandi to'o bi b'e̱di ge xa pu̱ngajñä nuna jmä getbu̱ n'ate ya jñäki ge ñä ya nso̱jo̱ jñäki ne xa y'oni nuna nt'ofo neje ja ra jñäki yazi xada jä'i , ge'a nuna jñäki fadi ja ra jñämfo ko ra tjuju ra sistema braile.	ya kuän' ahmä xa thogi manteb'u̱e ge xa thäst'i nu'a gatho ra nthandi to'o bi b'e̱di ge xa pu̱ngahñä nuna hmä getbu̱ n'ate ya hñäki ge ñä ya nso̱ho̱ hñäki ne xa y'oni nuna nt'ofo nehe ha ra hñäki yazi xada jä'i , ge'a nuna hñäki fadi ha ra hñämfo ko ra thuhu ra sistema braile.	ya kuän' ahmä xa thogi manteb'u̱e ge xa thäst'i nu'a gatho ra nthandi to'o bi b'e̱di ge xa pu̱ngahñä nuna hmä getbu̱ n'ate ya hñäki ge ñä ya nso̱ho̱ hñäki ne xa y'oni nuna nt'ofo nehe ha ra hñäki yazi xada jä'i , ge'a nuna hñäki fadi ha ra hñämfo ko ra thuhu ra sistema braile.	ya kuᶏnʔ ahmᶏ ša thogi mantebʔɨe ge ša thᶏstʔi nuʔa gatho ra nthandi toʔo bi bʔɛdi ge ša pɨngahñᶏ nuna hmᶏ getbɨ nʔate ya hñᶏki ge ñᶏ ya nsɔhɔ hñᶏki ne ša yʔoni nuna ntʔopho nehe ha ra hñᶏki yazi šada khᶏʔi , geʔa nuna hñᶏki phadi ha ra hñᶏmpho ko ra thuhu ra sistema braile.	ja kuãnʔ ahmã ʃa thogi mantebʔɨe ge ʃa thãstʔi nuʔa gatho ra nthandi toʔo bi bʔɛdi ge ʃa pɨngahɲã nuna hmã getbɨ nʔate ja hɲãki ge ɲã ja nsɔhɔ hɲãki ne ʃa jʔoni nuna ntʔoɸo nehe ha ra hɲãki jazi ʃada khãʔi , geʔa nuna hɲãki ɸadi ha ra hɲãmɸo ko ra thuhu ra sistema bɾaile.
97	ante	manteb'u̱	Guzmán. Ha ya he̱m'i b'e̱tsa je̱ya manteb'u̱ di ge nuua M'onda ne ya hyo, nu'a ra hmä ra 12-Conejo (1530) ge xa hmä ge xibú bi yut'i ha ra Culhuacan ya ndeznä, nda Pablo Xochiquetzin, Motelchiuhtzin ne ra Guzman.	guzmán. ja ya je̱m'i b'e̱tsa je̱ya manteb'u̱ di ge nuua m'onda ne ya jyo, nu'a ra jmä ra 12-tsonejo (1530) ge xa jmä ge xibú bi yut'i ja ra tsuljuatsan ya ndeznä, nda pablo xochiquetzin, motelchiujtzin ne ra guzman.	guzmán. ha ya he̱m'i b'e̱tsa je̱ya manteb'u̱ di ge nuua m'onda ne ya hyo, nu'a ra hmä ra 12-tsonejo (1530) ge xa hmä ge xibú bi yut'i ha ra tsulhuatsan ya ndeznä, nda pablo xochiquetzin, motelchiuhtzin ne ra guzman.	guzmán. ha ya he̱m'i b'e̱tsa je̱ya manteb'u̱ di ge nuua m'onda ne ya hyo, nu'a ra hmä ra 12-tsonejo (1530) ge xa hmä ge xibú bi yut'i ha ra tsulhuatsan ya ndeznä, nda pablo xotxiquetzin, moteltxiuhtzin ne ra guzman.	guzmán. ha ya hɛmʔi bʔɛca khɛya mantebʔɨ di ge nuua mʔonda ne ya hyo, nuʔa ra hmᶏ ra 12-conekho (1530) ge ša hmᶏ ge šibú bi yutʔi ha ra culhuacan ya ndeznᶏ, nda pablo šočiquetzin, motelčiuhtzin ne ra guzman.	guzmán. ha ja hɛmʔi bʔɛt͡sa khɛja mantebʔɨ di ge nuua mʔonda ne ja hjo, nuʔa ra hmã ra 12-t͡sonekho (1530) ge ʃa hmã ge ʃibú bi jutʔi ha ra t͡sulhuat͡san ja ndeznã, nda pablo ʃot͡ʃiquetzin, motelt͡ʃiuhtzin ne ra guzman.
98	ante	manteb'u̱.	Ya ngo bi yopa t'o̱t'e ngu ma me̱t'o, mi thoki ngu ya mapa manteb'u̱.	ya ngo bi yopa t'o̱t'e ngu ma me̱t'o, mi tjoki ngu ya mapa manteb'u̱.	ya ngo bi yopa t'o̱t'e ngu ma me̱t'o, mi thoki ngu ya mapa manteb'u̱.	ya ngo bi yopa t'o̱t'e ngu ma me̱t'o, mi thoki ngu ya mapa manteb'u̱.	ya ngo bi yopa tʔɔtʔe ngu ma mɛtʔo, mi thoki ngu ya mapa mantebʔɨ.	ja ngo bi jopa tʔɔtʔe ngu ma mɛtʔo, mi thoki ngu ja mapa mantebʔɨ.
99	ante	manteb'u̱.	Niabu̱ ya ndeznä ne ya maya ge mi huts'i ya mfädi “mi japabi ndunthi mazu nu'a mi o̱t'e de “da b'etsi nuya nu'u̱ manteb'u̱.	"niabu̱ ya ndeznä ne ya maya ge mi juts'i ya mfädi ""mi japabi nduntji mazu nu'a mi o̱t'e de ""da b'etsi nuya nu'u̱ manteb'u̱."	"niabu̱ ya ndeznä ne ya maya ge mi huts'i ya mfädi ""mi japabi ndunthi mazu nu'a mi o̱t'e de ""da b'etsi nuya nu'u̱ manteb'u̱."	"niabu̱ ya ndeznä ne ya maya ge mi huts'i ya mfädi ""mi japabi ndunthi mazu nu'a mi o̱t'e de ""da b'etsi nuya nu'u̱ manteb'u̱."	"niabɨ ya ndeznᶏ ne ya maya ge mi hucʔi ya mphᶏdi ""mi khapabi ndunthi mazu nuʔa mi ɔtʔe de ""da bʔeci nuya nuʔɨ mantebʔɨ."	"niabɨ ja ndeznã ne ja maja ge mi hut͡sʔi ja mɸãdi ""mi khapabi ndunthi mazu nuʔa mi ɔtʔe de ""da bʔet͡si nuja nuʔɨ mantebʔɨ."
100	ante	Topantemoctzin,	Nubu̱ xki bo̱nibu̱ ha ra dehe ra Coyohuehuetzin, ra Topantemoctzin, ra Temilotzin ne Cuauhtemoctzin.	nubu̱ xki bo̱nibu̱ ja ra deje ra tsoyojuejuetzin, ra topantemotstzin, ra temilotzin ne tsuaujtemotstzin.	nubu̱ xki bo̱nibu̱ ha ra dehe ra tsoyohuehuetzin, ra topantemotstzin, ra temilotzin ne tsuauhtemotstzin.	nubu̱ xki bo̱nibu̱ ha ra dehe ra tsoyohuehuetzin, ra topantemotstzin, ra temilotzin ne tsuauhtemotstzin.	nubɨ ški bɔnibɨ ha ra dehe ra coyohuehuetzin, ra topantemoctzin, ra temilotzin ne cuauhtemoctzin.	nubɨ ʃki bɔnibɨ ha ra dehe ra t͡sojohuehuetzin, ra topantemot͡stzin, ra temilotzin ne t͡suauhtemot͡stzin.
101	ante	dramámantenihék'a	xo genk'a dramámantenihék'a	xo genk'a dramámantenijék'a	xo genk'a dramámantenihék'a	xo genk'a dramámantenihék'a	šo genkʔa dramámantenihékʔa	ʃo genkʔa dɾamámantenihékʔa
102	ante	zinjante	nzu̱ni zinjante	nzu̱ni zinjante	nzu̱ni zinjante	nzu̱ni zinjante	nzɨni zinkhante	nzɨni zinkhante
103	ante	manteb'u̱	Ra nthandi to'o bi b'e̱di ge nuna manteb'u̱ mfaste ko nuya ts'okat'o̱t'amfeni bi huts'i ne udi ya ts'othogi.	ra ntjandi to'o bi b'e̱di ge nuna manteb'u̱ mfaste ko nuya ts'okat'o̱t'amfeni bi juts'i ne udi ya ts'otjogi.	ra nthandi to'o bi b'e̱di ge nuna manteb'u̱ mfaste ko nuya ts'okat'o̱t'amfeni bi huts'i ne udi ya ts'othogi.	ra nthandi to'o bi b'e̱di ge nuna manteb'u̱ mfaste ko nuya ts'okat'o̱t'amfeni bi huts'i ne udi ya ts'othogi.	ra nthandi toʔo bi bʔɛdi ge nuna mantebʔɨ mphaste ko nuya cʔokatʔɔtʔampheni bi hucʔi ne udi ya cʔothogi.	ra nthandi toʔo bi bʔɛdi ge nuna mantebʔɨ mɸaste ko nuja t͡sʔokatʔɔtʔamɸeni bi hut͡sʔi ne udi ja t͡sʔothogi.
104	ante	Topantemoctzin	Nu'a ra Coyohuehuetzin ne ra Topantemoctzin ba tu nubu̱ nuni ra Cuauhtitlan.	nu'a ra tsoyojuejuetzin ne ra topantemotstzin ba tu nubu̱ nuni ra tsuaujtitlan.	nu'a ra tsoyohuehuetzin ne ra topantemotstzin ba tu nubu̱ nuni ra tsuauhtitlan.	nu'a ra tsoyohuehuetzin ne ra topantemotstzin ba tu nubu̱ nuni ra tsuauhtitlan.	nuʔa ra coyohuehuetzin ne ra topantemoctzin ba tu nubɨ nuni ra cuauhtitlan.	nuʔa ra t͡sojohuehuetzin ne ra topantemot͡stzin ba tu nubɨ nuni ra t͡suauhtitlan.
105	ante	bastante	bastante mindu̱'íngí k'a mätá	bastante mindu̱'íngí k'a mätá	bastante mindu̱'íngí k'a mätá	bastante mindu̱'íngí k'a mätá	bastante mindɨʔíngí kʔa mᶏtá	bastante mindɨʔíngí kʔa mãtá
106	ante	jante	dí bo̱ni ma n'anguhu̱ di ma ra 'be̱jua, ju̱'sa ha rá ñ'e̱i ra nzafi ne te̱xka n'a ra 'ro̱zä habu̱ o ra ndäni boi ñuxa ra thehña ñu̱ni, ra xite ne da tani ne da 'yu̱t'a ha ra nzafi, ya bo̱shna ne gatho no'ä hongfa n'ar me̱ ne hinge ho̱nse̱'ä ntengui n'ár 'yo xa pädi te da me̱fi 'bu̱ da nthsesui n'a ra manga zu'ue, pädi da de̱ni ne nu'mu̱ da 'be̱di pädi n'ehe da de̱ntho yá nhe'mi ne da zo̱ni habu̱ xi yu̱t'i, nuyu̱ xa honi xi ñho n'angu n'a nuya däta t'e̱i ne ha ya do̱ni tsi jante 'yo hingi njoxhni;	dí bo̱ni ma n'anguju̱ di ma ra 'be̱jua, ju̱'sa ja rá ñ'e̱i ra nzafi ne te̱xka n'a ra 'ro̱zä jabu̱ o ra ndäni boi ñuxa ra tjejña ñu̱ni, ra xite ne da tani ne da 'yu̱t'a ja ra nzafi, ya bo̱sjna ne gatjo no'ä jongfa n'ar me̱ ne jinge jo̱nse̱'ä ntengui n'ár 'yo xa pädi te da me̱fi 'bu̱ da ntjsesui n'a ra manga zu'ue, pädi da de̱ni ne nu'mu̱ da 'be̱di pädi n'eje da de̱ntjo yá nje'mi ne da zo̱ni jabu̱ xi yu̱t'i, nuyu̱ xa joni xi ñjo n'angu n'a nuya däta t'e̱i ne ja ya do̱ni tsi jante 'yo jingi njoxjni;	dí bo̱ni ma n'anguhu̱ di ma ra 'be̱jua, ju̱'sa ha rá ñ'e̱i ra nzafi ne te̱xka n'a ra 'ro̱zä habu̱ o ra ndäni boi ñuxa ra thehña ñu̱ni, ra xite ne da tani ne da 'yu̱t'a ha ra nzafi, ya bo̱shna ne gatho no'ä hongfa n'ar me̱ ne hinge ho̱nse̱'ä ntengui n'ár 'yo xa pädi te da me̱fi 'bu̱ da nthsesui n'a ra manga zu'ue, pädi da de̱ni ne nu'mu̱ da 'be̱di pädi n'ehe da de̱ntho yá nhe'mi ne da zo̱ni habu̱ xi yu̱t'i, nuyu̱ xa honi xi ñho n'angu n'a nuya däta t'e̱i ne ha ya do̱ni tsi jante 'yo hingi njoxhni;	dí bo̱ni ma n'anguhu̱ di ma ra 'be̱jua, ju̱'sa ha rá ñ'e̱i ra nzafi ne te̱xka n'a ra 'ro̱zä habu̱ o ra ndäni boi ñuxa ra thehña ñu̱ni, ra xite ne da tani ne da 'yu̱t'a ha ra nzafi, ya bo̱shna ne gatho no'ä hongfa n'ar me̱ ne hinge ho̱nse̱'ä ntengui n'ár 'yo xa pädi te da me̱fi 'bu̱ da nthsesui n'a ra manga zu'ue, pädi da de̱ni ne nu'mu̱ da 'be̱di pädi n'ehe da de̱ntho yá nhe'mi ne da zo̱ni habu̱ xi yu̱t'i, nuyu̱ xa honi xi ñho n'angu n'a nuya däta t'e̱i ne ha ya do̱ni tsi jante 'yo hingi njoxhni;	dí bɔni ma nʔanguhɨ di ma ra ʔbɛkhua, khɨʔsa ha rá ñʔɛi ra nzaphi ne tɛška nʔa ra ʔrɔzᶏ habɨ o ra ndᶏni boi ñuša ra thehña ñɨni, ra šite ne da tani ne da ʔyɨtʔa ha ra nzaphi, ya bɔshna ne gatho noʔᶏ hongpha nʔar mɛ ne hinge hɔnsɛʔᶏ ntengui nʔár ʔyo ša pᶏdi te da mɛphi ʔbɨ da nthsesui nʔa ra manga zuʔue, pᶏdi da dɛni ne nuʔmɨ da ʔbɛdi pᶏdi nʔehe da dɛntho yá nheʔmi ne da zɔni habɨ ši yɨtʔi, nuyɨ ša honi ši ñho nʔangu nʔa nuya dᶏta tʔɛi ne ha ya dɔni ci khante ʔyo hingi nkhošhni;	dí bɔni ma nʔanguhɨ di ma ra ʔbɛkhua, khɨʔsa ha rá ɲʔɛi ra nzaɸi ne tɛʃka nʔa ra ʔɾɔzã habɨ o ra ndãni boi ɲuʃa ra thehɲa ɲɨni, ra ʃite ne da tani ne da ʔjɨtʔa ha ra nzaɸi, ja bɔshna ne gatho noʔã hongɸa nʔaɾ mɛ ne hinge hɔnsɛʔã ntengui nʔáɾ ʔjo ʃa pãdi te da mɛɸi ʔbɨ da nthsesui nʔa ra manga zuʔue, pãdi da dɛni ne nuʔmɨ da ʔbɛdi pãdi nʔehe da dɛntho já nheʔmi ne da zɔni habɨ ʃi jɨtʔi, nujɨ ʃa honi ʃi ɲho nʔangu nʔa nuja dãta tʔɛi ne ha ja dɔni t͡si khante ʔjo hingi nkhoʃhni;
107	ante	“campaneante	N'a ra t'axa dutu mi pe̱tsi ya k'oi ra ixki, nuna mra thuhu hñämfo̱ “campaneante resonador”.	"n'a ra t'axa dutu mi pe̱tsi ya k'oi ra ixki, nuna mra tjuju jñämfo̱ ""tsampaneante resonador""."	"n'a ra t'axa dutu mi pe̱tsi ya k'oi ra ixki, nuna mra thuhu hñämfo̱ ""tsampaneante resonador""."	"n'a ra t'axa dutu mi pe̱tsi ya k'oi ra ixki, nuna mra thuhu hñämfo̱ ""tsampaneante resonador""."	"nʔa ra tʔaša dutu mi pɛci ya kʔoi ra iški, nuna mra thuhu hñᶏmphɔ ""campaneante resonador""."	"nʔa ra tʔaʃa dutu mi pɛt͡si ja kʔoi ra iʃki, nuna mɾa thuhu hɲãmɸɔ ""t͡sampaneante resonadoɾ""."
108	ante	tsiinjante	Ya hñä me̱t'o pa da bo̱ni ya nzu̱ni tsiinjante ne ya nzu̱ni pa̱ti ra ya'ä ne ra jä'i nu ka ya hñä. Ngu:	ya jñä me̱t'o pa da bo̱ni ya nzu̱ni tsiinjante ne ya nzu̱ni pa̱ti ra ya'ä ne ra jä'i nu ka ya jñä. ngu:	ya hñä me̱t'o pa da bo̱ni ya nzu̱ni tsiinjante ne ya nzu̱ni pa̱ti ra ya'ä ne ra jä'i nu ka ya hñä. ngu:	ya hñä me̱t'o pa da bo̱ni ya nzu̱ni tsiinjante ne ya nzu̱ni pa̱ti ra ya'ä ne ra jä'i nu ka ya hñä. ngu:	ya hñᶏ mɛtʔo pa da bɔni ya nzɨni ciinkhante ne ya nzɨni pʌti ra yaʔᶏ ne ra khᶏʔi nu ka ya hñᶏ. ngu:	ja hɲã mɛtʔo pa da bɔni ja nzɨni t͡siinkhante ne ja nzɨni pəti ra jaʔã ne ra khãʔi nu ka ja hɲã. ngu:
109	ante	tsiinjante	Ka ra Hñähñu pets'i hñu ya nzu̱ni: ra nts'e̱di, ra tsiinjante ne ma'ra xa maa.	ka ra jñäjñu pets'i jñu ya nzu̱ni: ra nts'e̱di, ra tsiinjante ne ma'ra xa maa.	ka ra hñähñu pets'i hñu ya nzu̱ni: ra nts'e̱di, ra tsiinjante ne ma'ra xa maa.	ka ra hñähñu pets'i hñu ya nzu̱ni: ra nts'e̱di, ra tsiinjante ne ma'ra xa maa.	ka ra hñᶏhñu pecʔi hñu ya nzɨni: ra ncʔɛdi, ra ciinkhante ne maʔra ša maa.	ka ra hɲãhɲu pet͡sʔi hɲu ja nzɨni: ra nt͡sʔɛdi, ra t͡siinkhante ne maʔɾa ʃa maa.
110	ante	Topantemoctzin,	Xki thuts'i nub'u̱, b'esto ra Topantemoctzin, ra Coyohuehuetzin ne ra Temolitzin bi xipa ra Cuauhtémoc:	xki tjuts'i nub'u̱, b'esto ra topantemotstzin, ra tsoyojuejuetzin ne ra temolitzin bi xipa ra tsuaujtémots:	xki thuts'i nub'u̱, b'esto ra topantemotstzin, ra tsoyohuehuetzin ne ra temolitzin bi xipa ra tsuauhtémots:	xki thuts'i nub'u̱, b'esto ra topantemotstzin, ra tsoyohuehuetzin ne ra temolitzin bi xipa ra tsuauhtémots:	ški thucʔi nubʔɨ, bʔesto ra topantemoctzin, ra coyohuehuetzin ne ra temolitzin bi šipa ra cuauhtémoc:	ʃki thut͡sʔi nubʔɨ, bʔesto ra topantemot͡stzin, ra t͡sojohuehuetzin ne ra temolitzin bi ʃipa ra t͡suauhtémot͡s:
111	ante	manteb'u̱	nugagihu̱ ko gatho ma ndätehu̱, di pädihu̱ ga pumfrihu̱ ya manteb'u̱ hñegi da o̱t'ehu̱, di zohni gatho'ihu̱ nu'u̱ to'o da ne, pa gi r'ats'ihu̱ ha ma hyo, ha ra hyo ra b'este, ra nge'a nu'a ra me̱ti ya jä'i ne ha ma hyo ga mpe̱fihu̱ pa ra munts'a jä'i.	nugagiju̱ ko gatjo ma ndäteju̱, di pädiju̱ ga pumfriju̱ ya manteb'u̱ jñegi da o̱t'eju̱, di zojni gatjo'iju̱ nu'u̱ to'o da ne, pa gi r'ats'iju̱ ja ma jyo, ja ra jyo ra b'este, ra nge'a nu'a ra me̱ti ya jä'i ne ja ma jyo ga mpe̱fiju̱ pa ra munts'a jä'i.	nugagihu̱ ko gatho ma ndätehu̱, di pädihu̱ ga pumfrihu̱ ya manteb'u̱ hñegi da o̱t'ehu̱, di zohni gatho'ihu̱ nu'u̱ to'o da ne, pa gi r'ats'ihu̱ ha ma hyo, ha ra hyo ra b'este, ra nge'a nu'a ra me̱ti ya jä'i ne ha ma hyo ga mpe̱fihu̱ pa ra munts'a jä'i.	nugagihu̱ ko gatho ma ndätehu̱, di pädihu̱ ga pumfrihu̱ ya manteb'u̱ hñegi da o̱t'ehu̱, di zohni gatho'ihu̱ nu'u̱ to'o da ne, pa gi r'ats'ihu̱ ha ma hyo, ha ra hyo ra b'este, ra nge'a nu'a ra me̱ti ya jä'i ne ha ma hyo ga mpe̱fihu̱ pa ra munts'a jä'i.	nugagihɨ ko gatho ma ndᶏtehɨ, di pᶏdihɨ ga pumphrihɨ ya mantebʔɨ hñegi da ɔtʔehɨ, di zohni gathoʔihɨ nuʔɨ toʔo da ne, pa gi rʔacʔihɨ ha ma hyo, ha ra hyo ra bʔeste, ra ngeʔa nuʔa ra mɛti ya khᶏʔi ne ha ma hyo ga mpɛphihɨ pa ra muncʔa khᶏʔi.	nugagihɨ ko gatho ma ndãtehɨ, di pãdihɨ ga pumɸɾihɨ ja mantebʔɨ hɲegi da ɔtʔehɨ, di zohni gathoʔihɨ nuʔɨ toʔo da ne, pa gi rʔat͡sʔihɨ ha ma hjo, ha ra hjo ra bʔeste, ra ngeʔa nuʔa ra mɛti ja khãʔi ne ha ma hjo ga mpɛɸihɨ pa ra munt͡sʔa khãʔi.
112	ante	bastante	pe mäkhámá bastante misuphré ya béhña	pe mäjámá bastante misufré ya béjña	pe mäjámá bastante misufré ya béhña	pe mäjámá bastante misufré ya béhña	pe mᶏkhámá bastante misuphré ya béhña	pe mãkhámá bastante misuɸɾé ja béhɲa
113	ante	Topantemoctzin,	Mi ñ'ehe, ra ndä mra thuhu ra Cuauhtémoc ne ko nge'a ya gabida ra Coyohuehuetzin, ra Temilotzin, ra Topantemoctzin, ra Ahuelitoctzin, ra Mixcoatlailotlactzin, ra Tlacuhtzin ne ra Petlauhtzin	mi ñ'eje, ra ndä mra tjuju ra tsuaujtémots ne ko nge'a ya gabida ra tsoyojuejuetzin, ra temilotzin, ra topantemotstzin, ra ajuelitotstzin, ra mixtsoatlailotlatstzin, ra tlatsujtzin ne ra petlaujtzin	mi ñ'ehe, ra ndä mra thuhu ra tsuauhtémots ne ko nge'a ya gabida ra tsoyohuehuetzin, ra temilotzin, ra topantemotstzin, ra ahuelitotstzin, ra mixtsoatlailotlatstzin, ra tlatsuhtzin ne ra petlauhtzin	mi ñ'ehe, ra ndä mra thuhu ra tsuauhtémots ne ko nge'a ya gabida ra tsoyohuehuetzin, ra temilotzin, ra topantemotstzin, ra ahuelitotstzin, ra mixtsoatlailotlatstzin, ra tlatsuhtzin ne ra petlauhtzin	mi ñʔehe, ra ndᶏ mra thuhu ra cuauhtémoc ne ko ngeʔa ya gabida ra coyohuehuetzin, ra temilotzin, ra topantemoctzin, ra ahuelitoctzin, ra mišcoatlailotlactzin, ra tlacuhtzin ne ra petlauhtzin	mi ɲʔehe, ra ndã mɾa thuhu ra t͡suauhtémot͡s ne ko ngeʔa ja gabida ra t͡sojohuehuetzin, ra temilotzin, ra topantemot͡stzin, ra ahuelitot͡stzin, ra miʃt͡soatlailotlat͡stzin, ra tlat͡suhtzin ne ra petlauhtzin
114	ante	manteb'u̱,	Inga mahye̱gi mazu mi o̱tuabi, ya nxiki ne ra manteb'u̱, ra ntsa da mfädi mi pe̱tsi ha ya ñudi ge bi huts'i nu'a ya b'ede to'o bi ñä ya ndeznä hanja ra nja ra ts'okat´o̱t amfeni.	inga majye̱gi mazu mi o̱tuabi, ya nxiki ne ra manteb'u̱, ra ntsa da mfädi mi pe̱tsi ja ya ñudi ge bi juts'i nu'a ya b'ede to'o bi ñä ya ndeznä janja ra nja ra ts'okat´o̱t amfeni.	inga mahye̱gi mazu mi o̱tuabi, ya nxiki ne ra manteb'u̱, ra ntsa da mfädi mi pe̱tsi ha ya ñudi ge bi huts'i nu'a ya b'ede to'o bi ñä ya ndeznä hanja ra nja ra ts'okat´o̱t amfeni.	inga mahye̱gi mazu mi o̱tuabi, ya nxiki ne ra manteb'u̱, ra ntsa da mfädi mi pe̱tsi ha ya ñudi ge bi huts'i nu'a ya b'ede to'o bi ñä ya ndeznä hanja ra nja ra ts'okat´o̱t amfeni.	inga mahyɛgi mazu mi ɔtuabi, ya nšiki ne ra mantebʔɨ, ra nca da mphᶏdi mi pɛci ha ya ñudi ge bi hucʔi nuʔa ya bʔede toʔo bi ñᶏ ya ndeznᶏ hankha ra nkha ra cʔokat´ɔt ampheni.	inga mahjɛgi mazu mi ɔtuabi, ja nʃiki ne ra mantebʔɨ, ra nt͡sa da mɸãdi mi pɛt͡si ha ja ɲudi ge bi hut͡sʔi nuʔa ja bʔede toʔo bi ɲã ja ndeznã hankha ra nkha ra t͡sʔokat´ɔt amɸeni.
115	ante	Topantemoctzin,	Nub'u̱ sti nxanihe n'ambu̱ ya bo̱nahmu ra metlatelolco ba tso̱ni nuni Cuauhtitlán nu'u̱ ra Topantemoctzin, ra Tlacochcálcatl, ra Coyohuehuetzin ne ra Temilotzin.	nub'u̱ sti nxanije n'ambu̱ ya bo̱najmu ra metlateloltso ba tso̱ni nuni tsuaujtitlán nu'u̱ ra topantemotstzin, ra tlatsochtsáltsatl, ra tsoyojuejuetzin ne ra temilotzin.	nub'u̱ sti nxanihe n'ambu̱ ya bo̱nahmu ra metlateloltso ba tso̱ni nuni tsuauhtitlán nu'u̱ ra topantemotstzin, ra tlatsochtsáltsatl, ra tsoyohuehuetzin ne ra temilotzin.	nub'u̱ sti nxanihe n'ambu̱ ya bo̱nahmu ra metlateloltso ba tso̱ni nuni tsuauhtitlán nu'u̱ ra topantemotstzin, ra tlatsotxtsáltsatl, ra tsoyohuehuetzin ne ra temilotzin.	nubʔɨ sti nšanihe nʔambɨ ya bɔnahmu ra metlatelolco ba cɔni nuni cuauhtitlán nuʔɨ ra topantemoctzin, ra tlacočcálcatl, ra coyohuehuetzin ne ra temilotzin.	nubʔɨ sti nʃanihe nʔambɨ ja bɔnahmu ra metlatelolt͡so ba t͡sɔni nuni t͡suauhtitlán nuʔɨ ra topantemot͡stzin, ra tlat͡sot͡ʃt͡sált͡satl, ra t͡sojohuehuetzin ne ra temilotzin.
116	ante	ante	pues nimodo bisuphré k'a más ante mäabwelitahé komo mbu̱i enkahoso ra ntsoya	pues nimodo bisufré k'a más ante mäabwelitajé komo mbu̱i enkajoso ra ntsoya	pues nimodo bisufré k'a más ante mäabwelitahé komo mbu̱i enkahoso ra ntsoya	pues nimodo bisufré k'a más ante mäabwelitahé komo mbu̱i enkahoso ra ntsoya	pues nimodo bisuphré kʔa más ante mᶏabwelitahé komo mbɨi enkahoso ra ncoya	pues nimodo bisuɸɾé kʔa más ante mãabwelitahé komo mbɨi enkahoso ra nt͡soja
117	ante	Tehuantepec	Ne nu'u̱ bi mani dra ts'okat'o̱t'amfeni nuni Michoacán, Xalisco, Culhuacan ne nuni nehe Pánuco, ne nuni Oaxaca, Tehuantepec ne Guatemala, ne nuua ra R'ayo Mahyati, nub'u̱ bri t'o̱t'a ra mabagi pa dra uadi dra t'o̱t'a nu'a ra ts'okat'o̱t'amfeni inda tsogihe se̱he̱.	ne nu'u̱ bi mani dra ts'okat'o̱t'amfeni nuni michoatsán, xalistso, tsuljuatsan ne nuni neje pánutso, ne nuni oaxatsa, tejuantepets ne guatemala, ne nuua ra r'ayo majyati, nub'u̱ bri t'o̱t'a ra mabagi pa dra uadi dra t'o̱t'a nu'a ra ts'okat'o̱t'amfeni inda tsogije se̱je̱.	ne nu'u̱ bi mani dra ts'okat'o̱t'amfeni nuni michoatsán, xalistso, tsulhuatsan ne nuni nehe pánutso, ne nuni oaxatsa, tehuantepets ne guatemala, ne nuua ra r'ayo mahyati, nub'u̱ bri t'o̱t'a ra mabagi pa dra uadi dra t'o̱t'a nu'a ra ts'okat'o̱t'amfeni inda tsogihe se̱he̱.	ne nu'u̱ bi mani dra ts'okat'o̱t'amfeni nuni mitxoatsán, xalistso, tsulhuatsan ne nuni nehe pánutso, ne nuni oaxatsa, tehuantepets ne guatemala, ne nuua ra r'ayo mahyati, nub'u̱ bri t'o̱t'a ra mabagi pa dra uadi dra t'o̱t'a nu'a ra ts'okat'o̱t'amfeni inda tsogihe se̱he̱.	ne nuʔɨ bi mani dra cʔokatʔɔtʔampheni nuni mičoacán, šalisco, culhuacan ne nuni nehe pánuco, ne nuni oašaca, tehuantepec ne guatemala, ne nuua ra rʔayo mahyati, nubʔɨ bri tʔɔtʔa ra mabagi pa dra uadi dra tʔɔtʔa nuʔa ra cʔokatʔɔtʔampheni inda cogihe sɛhɛ.	ne nuʔɨ bi mani dɾa t͡sʔokatʔɔtʔamɸeni nuni mit͡ʃoat͡sán, ʃalist͡so, t͡sulhuat͡san ne nuni nehe pánut͡so, ne nuni oaʃat͡sa, tehuantepet͡s ne guatemala, ne nuua ra rʔajo mahjati, nubʔɨ bɾi tʔɔtʔa ra mabagi pa dɾa uadi dɾa tʔɔtʔa nuʔa ra t͡sʔokatʔɔtʔamɸeni inda t͡sogihe sɛhɛ.
118	entr	entre	biñŏni k'a ke mbahă ra kámbio entre k'a ya kómpihí	biñŏni k'a ke mbajă ra kámbio entre k'a ya kómpijí	biñŏni k'a ke mbahă ra kámbio entre k'a ya kómpihí	biñŏni k'a ke mbahă ra kámbio entre k'a ya kómpihí	biñŏni kʔa ke mbahă ra kámbio entre kʔa ya kómpihí	biɲŏni kʔa ke mbahă ra kámbio entɾe kʔa ja kómpihí
119	entr	sentro	bu̱ kaphăk'ŭ 'á sentro xo ximándágí tó'u̱té dó	bu̱ kafăk'ŭ 'á sentro xo ximándágí tó'u̱té dó	bu̱ kafăk'ŭ 'á sentro xo ximándágí tó'u̱té dó	bu̱ kafăk'ŭ 'á sentro xo ximándágí tó'u̱té dó	bɨ kaphăkʔŭ ʔá sentro šo šimándágí tóʔɨté dó	bɨ kaɸăkʔŭ ʔá sentɾo ʃo ʃimándágí tóʔɨté dó
120	enta	enfrentar	Ge mä ra bonahmu metetzcoco ge, enfrentar ra Cacamatzin, bi juahni bi fats'i ra Cortés.	ge mä ra bonajmu metetztsotso ge, enfrentar ra tsatsamatzin, bi juajni bi fats'i ra tsortés.	ge mä ra bonahmu metetztsotso ge, enfrentar ra tsatsamatzin, bi juahni bi fats'i ra tsortés.	ge mä ra bonahmu metetztsotso ge, enfrentar ra tsatsamatzin, bi juahni bi fats'i ra tsortés.	ge mᶏ ra bonahmu metetzcoco ge, enphrentar ra cacamatzin, bi khuahni bi phacʔi ra cortés.	ge mã ra bonahmu metetzt͡sot͡so ge, enɸɾentaɾ ra t͡sat͡samatzin, bi khuahni bi ɸat͡sʔi ra t͡soɾtés.
121	enta	sinkwenta	xo mitahá ra ntsoya mitá sínko pesos ra béhña dos sinkwenta	xo mitajá ra ntsoya mitá sínko pesos ra béjña dos sinkwenta	xo mitahá ra ntsoya mitá sínko pesos ra béhña dos sinkwenta	xo mitahá ra ntsoya mitá sínko pesos ra béhña dos sinkwenta	šo mitahá ra ncoya mitá sínko pesos ra béhña dos sinkwenta	ʃo mitahá ra nt͡soja mitá sínko pesos ra béhɲa dos sinkwenta
122	enta	sinkwentathó	sinkwentathó na nkhána	sinkwentatjó na njána	sinkwentathó na njána	sinkwentathó na njána	sinkwentathó na nkhána	sinkwentathó na nkhána
123	enta	sesenta	xo takha mä sesenta wik'a takha mä sesenta bitahkíhéya'wik'a	xo taja mä sesenta wik'a taja mä sesenta bitajkíjéya'wik'a	xo taja mä sesenta wik'a taja mä sesenta bitahkíhéya'wik'a	xo taja mä sesenta wik'a taja mä sesenta bitahkíhéya'wik'a	šo takha mᶏ sesenta wikʔa takha mᶏ sesenta bitahkíhéyaʔwikʔa	ʃo takha mã sesenta wikʔa takha mã sesenta bitahkíhéjaʔwikʔa
124	enta	sinkwenta	ga nts'e̱hkithóya' sinkwenta pesothó	ga nts'e̱jkitjóya' sinkwenta pesotjó	ga nts'e̱hkithóya' sinkwenta pesothó	ga nts'e̱hkithóya' sinkwenta pesothó	ga ncʔɛhkithóyaʔ sinkwenta pesothó	ga nt͡sʔɛhkithójaʔ sinkwenta pesothó
125	ales	macehuales,	¿Te ga o̱t'ehu̱ ya macehuales,	¿te ga o̱t'eju̱ ya matsejuales,	¿te ga o̱t'ehu̱ ya matsehuales,	¿te ga o̱t'ehu̱ ya matsehuales,	¿te ga ɔtʔehɨ ya macehuales,	¿te ga ɔtʔehɨ ja mat͡sehuales,
126	ales	macehuales	ge ya macehuales di hetihu̱	ge ya matsejuales di jetiju̱	ge ya matsehuales di hetihu̱	ge ya matsehuales di hetihu̱	ge ya macehuales di hetihɨ	ge ja mat͡sehuales di hetihɨ
127	tado	Diputado	"Nu'a ra munts'a jä'i bi te̱ni bi zipabi man'a ya b'ede, mi t'ena ge ya jä'i xki b'u̱i nubu̱ inbi pe̱tsi ra ts'e̱di nu'a mi mä pe m'e̱fa bi japi bi nxaxni ya tsu̱tui ne n'a ra Diputado mi pe̱tsi ra mfeni xki kot'i mra thuhu ra José María Lozano, bi y'onga ra hmä pa mar'a ya ñ'oui bi nxanxi: ""Ri mo̱te ra thits'i mi udi ra Emiliano Zapata, nehe bri fädi ngu ra Atila nuna bri nju̱tsi [...] Nu'a bi fädi ngu mi he̱gi ya b'e̱go ne'a bi mä da uni da nja pa gatho, ingi jot'i [...]"	"nu'a ra munts'a jä'i bi te̱ni bi zipabi man'a ya b'ede, mi t'ena ge ya jä'i xki b'u̱i nubu̱ inbi pe̱tsi ra ts'e̱di nu'a mi mä pe m'e̱fa bi japi bi nxaxni ya tsu̱tui ne n'a ra diputado mi pe̱tsi ra mfeni xki kot'i mra tjuju ra josé maría lozano, bi y'onga ra jmä pa mar'a ya ñ'oui bi nxanxi: ""ri mo̱te ra tjits'i mi udi ra emiliano zapata, neje bri fädi ngu ra atila nuna bri nju̱tsi [...] nu'a bi fädi ngu mi je̱gi ya b'e̱go ne'a bi mä da uni da nja pa gatjo, ingi jot'i [...]"	"nu'a ra munts'a jä'i bi te̱ni bi zipabi man'a ya b'ede, mi t'ena ge ya jä'i xki b'u̱i nubu̱ inbi pe̱tsi ra ts'e̱di nu'a mi mä pe m'e̱fa bi japi bi nxaxni ya tsu̱tui ne n'a ra diputado mi pe̱tsi ra mfeni xki kot'i mra thuhu ra josé maría lozano, bi y'onga ra hmä pa mar'a ya ñ'oui bi nxanxi: ""ri mo̱te ra thits'i mi udi ra emiliano zapata, nehe bri fädi ngu ra atila nuna bri nju̱tsi [...] nu'a bi fädi ngu mi he̱gi ya b'e̱go ne'a bi mä da uni da nja pa gatho, ingi jot'i [...]"	"nu'a ra munts'a jä'i bi te̱ni bi zipabi man'a ya b'ede, mi t'ena ge ya jä'i xki b'u̱i nubu̱ inbi pe̱tsi ra ts'e̱di nu'a mi mä pe m'e̱fa bi japi bi nxaxni ya tsu̱tui ne n'a ra diputado mi pe̱tsi ra mfeni xki kot'i mra thuhu ra josé maría lozano, bi y'onga ra hmä pa mar'a ya ñ'oui bi nxanxi: ""ri mo̱te ra thits'i mi udi ra emiliano zapata, nehe bri fädi ngu ra atila nuna bri nju̱tsi [...] nu'a bi fädi ngu mi he̱gi ya b'e̱go ne'a bi mä da uni da nja pa gatho, ingi jot'i [...]"	"nuʔa ra muncʔa khᶏʔi bi tɛni bi zipabi manʔa ya bʔede, mi tʔena ge ya khᶏʔi ški bʔɨi nubɨ inbi pɛci ra cʔɛdi nuʔa mi mᶏ pe mʔɛpha bi khapi bi nšašni ya cɨtui ne nʔa ra diputado mi pɛci ra mpheni ški kotʔi mra thuhu ra khosé maría lozano, bi yʔonga ra hmᶏ pa marʔa ya ñʔoui bi nšanši: ""ri mɔte ra thicʔi mi udi ra emiliano zapata, nehe bri phᶏdi ngu ra atila nuna bri nkhɨci [...] nuʔa bi phᶏdi ngu mi hɛgi ya bʔɛgo neʔa bi mᶏ da uni da nkha pa gatho, ingi khotʔi [...]"	"nuʔa ra munt͡sʔa khãʔi bi tɛni bi zipabi manʔa ja bʔede, mi tʔena ge ja khãʔi ʃki bʔɨi nubɨ inbi pɛt͡si ra t͡sʔɛdi nuʔa mi mã pe mʔɛɸa bi khapi bi nʃaʃni ja t͡sɨtui ne nʔa ra diputado mi pɛt͡si ra mɸeni ʃki kotʔi mɾa thuhu ra khosé maɾía lozano, bi jʔonga ra hmã pa maɾʔa ja ɲʔoui bi nʃanʃi: ""ɾi mɔte ra thit͡sʔi mi udi ra emiliano zapata, nehe bɾi ɸãdi ngu ra atila nuna bɾi nkhɨt͡si [...] nuʔa bi ɸãdi ngu mi hɛgi ja bʔɛgo neʔa bi mã da uni da nkha pa gatho, ingi khotʔi [...]"
128	tado	Estado	". Nuna ndäxjuä k'oi fädi ko ra thuhu ra ""munts'a Techialoyan”, ra nge'a ge ri mu̱di dige'a nuña he̱m'i bri fädi ge ri ñ'ehe ha nu'a ra t'u̱ka hnini mra thuhu nuni ra hyodi ra hnini M'onda ra thuhu mapaya Estado de México."	". nuna ndäxjuä k'oi fädi ko ra tjuju ra ""munts'a techialoyan"", ra nge'a ge ri mu̱di dige'a nuña je̱m'i bri fädi ge ri ñ'eje ja nu'a ra t'u̱ka jnini mra tjuju nuni ra jyodi ra jnini m'onda ra tjuju mapaya estado de méxitso."	". nuna ndäxjuä k'oi fädi ko ra thuhu ra ""munts'a techialoyan"", ra nge'a ge ri mu̱di dige'a nuña he̱m'i bri fädi ge ri ñ'ehe ha nu'a ra t'u̱ka hnini mra thuhu nuni ra hyodi ra hnini m'onda ra thuhu mapaya estado de méxitso."	". nuna ndäxjuä k'oi fädi ko ra thuhu ra ""munts'a tetxialoyan"", ra nge'a ge ri mu̱di dige'a nuña he̱m'i bri fädi ge ri ñ'ehe ha nu'a ra t'u̱ka hnini mra thuhu nuni ra hyodi ra hnini m'onda ra thuhu mapaya estado de méxitso."	". nuna ndᶏškhuᶏ kʔoi phᶏdi ko ra thuhu ra ""muncʔa tečialoyan"", ra ngeʔa ge ri mɨdi digeʔa nuña hɛmʔi bri phᶏdi ge ri ñʔehe ha nuʔa ra tʔɨka hnini mra thuhu nuni ra hyodi ra hnini mʔonda ra thuhu mapaya estado de méšico."	". nuna ndãʃkhuã kʔoi ɸãdi ko ra thuhu ra ""munt͡sʔa tet͡ʃialojan"", ra ngeʔa ge ri mɨdi digeʔa nuɲa hɛmʔi bɾi ɸãdi ge ri ɲʔehe ha nuʔa ra tʔɨka hnini mɾa thuhu nuni ra hjodi ra hnini mʔonda ra thuhu mapaja estado de méʃit͡so."
129	tado	Tratado	Nuua ya mu̱di noya ra Motolinia, ha ra mu̱di nkohi bi t'o̱t'e ko ra thuhu ra Tratado Tercero ra Dänga b´ede ya mu̱dimehai nuua R´ayo Manhyati:	nuua ya mu̱di noya ra motolinia, ja ra mu̱di nkoji bi t'o̱t'e ko ra tjuju ra tratado tertsero ra dänga b´ede ya mu̱dimejai nuua r´ayo manjyati:	nuua ya mu̱di noya ra motolinia, ha ra mu̱di nkohi bi t'o̱t'e ko ra thuhu ra tratado tertsero ra dänga b´ede ya mu̱dimehai nuua r´ayo manhyati:	nuua ya mu̱di noya ra motolinia, ha ra mu̱di nkohi bi t'o̱t'e ko ra thuhu ra tratado tertsero ra dänga b´ede ya mu̱dimehai nuua r´ayo manhyati:	nuua ya mɨdi noya ra motolinia, ha ra mɨdi nkohi bi tʔɔtʔe ko ra thuhu ra tratado tercero ra dᶏnga b´ede ya mɨdimehai nuua r´ayo manhyati:	nuua ja mɨdi noja ra motolinia, ha ra mɨdi nkohi bi tʔɔtʔe ko ra thuhu ra tɾatado teɾt͡seɾo ra dãnga b´ede ja mɨdimehai nuua r´ajo manhjati:
130	cont	Xiccontencátl	¿Ngu da nt'o̱de ra bo̱nahmu ra Xiccontencátl a Nepiloni?'	¿ngu da nt'o̱de ra bo̱najmu ra xitstsontentsátl a nepiloni?'	¿ngu da nt'o̱de ra bo̱nahmu ra xitstsontentsátl a nepiloni?'	¿ngu da nt'o̱de ra bo̱nahmu ra xitstsontentsátl a nepiloni?'	¿ngu da ntʔɔde ra bɔnahmu ra šiccontencátl a nepiloni?ʔ	¿ngu da ntʔɔde ra bɔnahmu ra ʃit͡st͡sontent͡sátl a nepiloni?ʔ
131	cont	Xicontepec	N'a nt'udi di ge'a nuya nthoki bri t'o̱t'e ha ya hñä ya ndeznä ra ngätsi ra nthebe nje̱ya ra r'e̱t'a ma gu̱to (S. XIX), r'a ya hnini ngu ra Xicontepec (Villa Juárez) nuna hyodi kohi nuni Puebla.	n'a nt'udi di ge'a nuya ntjoki bri t'o̱t'e ja ya jñä ya ndeznä ra ngätsi ra ntjebe nje̱ya ra r'e̱t'a ma gu̱to (s. xix), r'a ya jnini ngu ra xitsontepets (villa juárez) nuna jyodi koji nuni puebla.	n'a nt'udi di ge'a nuya nthoki bri t'o̱t'e ha ya hñä ya ndeznä ra ngätsi ra nthebe nje̱ya ra r'e̱t'a ma gu̱to (s. xix), r'a ya hnini ngu ra xitsontepets (villa juárez) nuna hyodi kohi nuni puebla.	n'a nt'udi di ge'a nuya nthoki bri t'o̱t'e ha ya hñä ya ndeznä ra ngätsi ra nthebe nje̱ya ra r'e̱t'a ma gu̱to (s. xix), r'a ya hnini ngu ra xitsontepets (villa juárez) nuna hyodi kohi nuni puebla.	nʔa ntʔudi di geʔa nuya nthoki bri tʔɔtʔe ha ya hñᶏ ya ndeznᶏ ra ngᶏci ra nthebe nkhɛya ra rʔɛtʔa ma gɨto (s. šiš), rʔa ya hnini ngu ra šicontepec (villa khuárez) nuna hyodi kohi nuni puebla.	nʔa ntʔudi di geʔa nuja nthoki bɾi tʔɔtʔe ha ja hɲã ja ndeznã ra ngãt͡si ra nthebe nkhɛja ra rʔɛtʔa ma gɨto (s. ʃiʃ), rʔa ja hnini ngu ra ʃit͡sontepet͡s (villa khuáɾez) nuna hjodi kohi nuni puebla.
132	ntra	kontra	k'a dratsu̱ihya' másbien dípe̱'ts'ithó kontra ko nugó	k'a dratsu̱ijya' másbien dípe̱'ts'itjó kontra ko nugó	k'a dratsu̱ihya' másbien dípe̱'ts'ithó kontra ko nugó	k'a dratsu̱ihya' másbien dípe̱'ts'ithó kontra ko nugó	kʔa dracɨihyaʔ másbien dípɛʔcʔithó kontra ko nugó	kʔa dɾat͡sɨihjaʔ másbien dípɛʔt͡sʔithó kontɾa ko nugó
