id	Palabra	Aparece en:	OTS	INALI	OTQ	RFE	fon																		
2	johya	Ngu mra me̱ti, nu'a r'a hyodi, habu mi y'o, n'a ngu n'a mi johya mi mfe̱m'a xinxi xi mi johya ya ndäte, mi thede n'a ngu n'a mi hñu̱fi ne mi fe̱m'a ya xinxi: xi mi b'u̱i mpaha.	ngu mra me̱ti, nu'a r'a hyodi, jabu mi y'o, n'a ngu n'a mi kjohya mi mfe̱m'a xinxi xi mi kjohya ya ndäte, mi tjede n'a ngu n'a mi jñu̱fi ne mi fe̱m'a ya xinxi: xi mi b'u̱i mpaja.	ngu mra me̱ti, nu'a r'a hyodi, habu mi y'o, n'a ngu n'a mi johya mi mfe̱m'a xinxi xi mi johya ya ndäte, mi thede n'a ngu n'a mi hñu̱fi ne mi fe̱m'a ya xinxi: xi mi b'u̱i mpaha.	ngu mra me̱ti, nu'a r'a hyodi, habu mi y'o, n'a ngu n'a mi johya mi mfe̱m'a xinxi xi mi johya ya ndäte, mi thede n'a ngu n'a mi hñu̱fi ne mi fe̱m'a ya xinxi: xi mi b'u̱i mpaha.	ngu mra mɛti, nuʔa rʔa hyodi, habu mi yʔo, nʔa ngu nʔa mi khohya mi mphɛmʔa šinši ši mi khohya ya ndᶏte, mi thede nʔa ngu nʔa mi hñɨphi ne mi phɛmʔa ya šinši: ši mi bʔɨi mpaha.	ngu mɾa mɛti, nuʔa rʔa hjodi, habu mi jʔo, nʔa ngu nʔa mi khohja mi mɸɛmʔa ʃinʃi ʃi mi khohja ja ndãte, mi thede nʔa ngu nʔa mi hɲɨɸi ne mi ɸɛmʔa ja ʃinʃi: ʃi mi bʔɨi mpaha.																		
3	johya	Ebu̱ bi mä nuna b'e̱fi xa thoki xahño bi johya ra Ts'e̱y'e̱hmu.	ebu̱ bi mä nuna b'e̱fi xa tjoki xajño bi kjohya ra ts'e̱y'e̱jmu.	ebu̱ bi mä nuna b'e̱fi xa thoki xahño bi johya ra ts'e̱y'e̱hmu.	ebu̱ bi mä nuna b'e̱fi xa thoki xahño bi johya ra ts'e̱y'e̱hmu.	ebɨ bi mᶏ nuna bʔɛphi ša thoki šahño bi khohya ra cʔɛyʔɛhmu.	ebɨ bi mã nuna bʔɛɸi ʃa thoki ʃahɲo bi khohja ra t͡sʔɛjʔɛhmu.																		
4	johya	Nuna bi johya ha ra mabagi,	nuna bi kjojya ja ra mabagi,	nuna bi johya ha ra mabagi,	nuna bi johya ha ra mabagi,	nuna bi khohya ha ra mabagi,	nuna bi khohja ha ra mabagi,																		
15	johya	Ya miñ'o ko ngehna hmä ri johya,	ya miñ'o ko ngejna jmä ri kjojya,	ya miñ'o ko ngehna hmä ri johya,	ya miñ'o ko ngehna hmä ri johya,	ya miñʔo ko ngehna hmᶏ ri khohya,	ja miɲʔo ko ngehna hmã ri khohja,																		
19	hanja	Ri ñ'udi xahño nubia hanja beni ya metlaxcala bi do̱m'i mpaha nuya nso̱ho̱ jä'i.	ri ñ'udi xajño nubia jankja beni ya metlaxcala bi do̱m'i mpaja nuya nso̱jo̱ kjä'i.	ri ñ'udi xahño nubia hanja beni ya metlaxcala bi do̱m'i mpaha nuya nso̱ho̱ jä'i.	ri ñ'udi xahño nubia hanja beni ya metlaxcala bi do̱m'i mpaha nuya nso̱ho̱ jä'i.	ri ñʔudi šahño nubia hankha beni ya metlaškala bi dɔmʔi mpaha nuya nsɔhɔ khᶏʔi.	ri ɲʔudi ʃahɲo nubia hankha beni ja metlaʃkala bi dɔmʔi mpaha nuja nsɔhɔ khãʔi.																		
20	hanja	Ya r'atsanoya ra Sahagún mi mä hanja mi yopa tsini. Ya ndeznä bi nkohi inda ñ'udi. Mi hatatho pa bi mu̠di ra ntuhni	ya r'atsanoya ra sajagún mi mä jankja mi yopa tsini. ya ndeznä bi nkoji inda ñ'udi. mi jatatjo pa bi mu̱di ra ntujni	ya r'atsanoya ra sahagún mi mä hanja mi yopa tsini. ya ndeznä bi nkohi inda ñ'udi. mi hatatho pa bi mu̱di ra ntuhni	ya r'atsanoya ra sahagún mi mä hanja mi yopa tsini. ya ndeznä bi nkohi inda ñ'udi. mi hatatho pa bi mu̱di ra ntuhni	ya rʔacanoya ra sahagún mi mᶏ hankha mi yopa cini. ya ndeznᶏ bi nkohi inda ñʔudi. mi hatatho pa bi mɨdi ra ntuhni	ja rʔat͡sanoja ra sahagún mi mã hankha mi jopa t͡sini. ja ndeznã bi nkohi inda ɲʔudi. mi hatatho pa bi mɨdi ra ntuhni																		
25	hanja	ne ya nt'u̱i, hanja di thuts'i ya nt'ofo, njap'u̱ nehe mä 'ra ya mpeu̱i da fats'i di nt'ot'i ra hñähñu	ne ya nt'u̱i, jankja di tjuts'i ya nt'ofo, nkjap'u̱ neje mä 'ra ya mpeu̱i da fats'i di nt'ot'i ra jñäjñu	ne ya nt'u̱i, hanja di thuts'i ya nt'ofo, njap'u̱ nehe mä 'ra ya mpeu̱i da fats'i di nt'ot'i ra hñähñu	ne ya nt'u̱i, hanja di thuts'i ya nt'ofo, njap'u̱ nehe mä 'ra ya mpeu̱i da fats'i di nt'ot'i ra hñähñu	ne ya ntʔɨi, hankha di thucʔi ya ntʔopho, nkhapʔɨ nehe mᶏ ʔra ya mpeɨi da phacʔi di ntʔotʔi ra hñᶏhñu	ne ja ntʔɨi, hankha di thut͡sʔi ja ntʔoɸo, nkhapʔɨ nehe mã ʔɾa ja mpeɨi da ɸat͡sʔi di ntʔotʔi ra hɲãhɲu																		
53	juahni	bri juahni po nuya dra hmu.	bri kjuajni po nuya dra jmu.	bri juahni po nuya dra hmu.	bri juahni po nuya dra hmu.	bri khuahni po nuya dra hmu.	bɾi khuahni po nuja dɾa hmu.																		
54	juahni	Ge mä ra bonahmu metetzcoco ge, enfrentar ra Cacamatzin, bi juahni bi fats'i ra Cortés.	ge mä ra bonajmu metetzcoco ge, enfrentar ra cacmatzin, bi kjuajni bi fats'i ra cortés.	ge mä ra bonahmu metetzcoco ge, enfrentar ra cacamatzin, bi juahni bi fats'i ra cortés.	ge mä ra bonahmu metetzcoco ge, enfrentar ra cacamatzin, bi juahni bi fats'i ra cortés.	ge mᶏ ra bonahmu metetzcoco ge, enphrentar ra cacamatzin, bi khuahni bi phacʔi ra cortés.	ge mã ra bonahmu metetzkoko ge, enfɾentaɾ ra kakamatzin, bi khuahni bi ɸat͡sʔi ra koɾtés.																		
57	thänjuahu̱	r'a nuna mi nthandi ngu nu'a ma thänjuahu̱ (Ychtlilmatli), xi mra nts'o, mi kuet'e ha ya ngo̱,	r'a nuna mi ntjandi ngu nu'a ma tjänkjuaju̱ (ychtlilmatli), xi mra nts'o, mi kuet'e ja ya ngo̱,	r'a nuna mi nthandi ngu nu'a ma thänjuahu̱ (ychtlilmatli), xi mra nts'o, mi kuet'e ha ya ngo̱,	r'a nuna mi nthandi ngu nu'a ma thänjuahu̱ (ytxtlilmatli), xi mra nts'o, mi kuet'e ha ya ngo̱,	rʔa nuna mi nthandi ngu nuʔa ma thᶏnkhuahɨ (yčtlilmatli), ši mra ncʔo, mi kuetʔe ha ya ngɔ,	rʔa nuna mi nthandi ngu nuʔa ma thãnkhuahɨ (it͡ʃtlilmatli), ʃi mɾa nt͡sʔo, mi kuetʔe ha ja ngɔ,																		
58	¿hanja	nub'u̱ nu'i ingi japi da bo̱nga nu'a ra makja ha nu'a ra hnini, ¿hanja ra yotui, ga tso̱gi nubu̱ ma b'e̱hña? O̱t'a r'ato ya je̱ya bi mu̱di [ra makja ra Bartolomé López]	nub'u̱ nu'i ingi kjapi da bo̱nga nu'a ra makja ja nu'a ra jnini, ¿jankja ra yotui, ga tso̱gi nubu̱ ma b'e̱jña? o̱t'a r'ato ya kje̱ya bi mu̱di [ra makja ra bartolomé lópez]	nub'u̱ nu'i ingi japi da bo̱nga nu'a ra makja ha nu'a ra hnini, ¿hanja ra yotui, ga tso̱gi nubu̱ ma b'e̱hña? o̱t'a r'ato ya je̱ya bi mu̱di [ra makja ra bartolomé lópez]	nub'u̱ nu'i ingi japi da bo̱nga nu'a ra makja ha nu'a ra hnini, ¿hanja ra yotui, ga tso̱gi nubu̱ ma b'e̱hña? o̱t'a r'ato ya je̱ya bi mu̱di [ra makja ra bartolomé lópez]	nubʔɨ nuʔi ingi khapi da bɔnga nuʔa ra makkha ha nuʔa ra hnini, ¿hankha ra yotui, ga cɔgi nubɨ ma bʔɛhña? ɔtʔa rʔato ya khɛya bi mɨdi [ra makkha ra bartolomé lópez]	nubʔɨ nuʔi ingi khapi da bɔnga nuʔa ra makkha ha nuʔa ra hnini, ¿hankha ra jotui, ga t͡sɔgi nubɨ ma bʔɛhɲa? ɔtʔa rʔato ja khɛja bi mɨdi [ɾa makkha ra baɾtolomé lópez]																		
62	hjua	bi boxro xi 'be̱ts'ina, bido'u̱ ro 'yu̱ni 'na, xi bi bo̱x ro hjua 'na, bido'u̱ ro ts'ii 'na, xi bo̱xro ts'äre 'na. Ge'bu̱ go min pu̱n doja 'na.	bi boxro xi 'be̱ts'ina, bido'u̱ ro 'yu̱ni 'na, xi bi bo̱x ro hkjua 'na, bido'u̱ ro ts'ii 'na, xi bo̱xro ts'äre 'na. ge'bu̱ go min pu̱n doja 'na.	bi boxro xi 'be̱ts'ina, bido'u̱ ro 'yu̱ni 'na, xi bi bo̱x ro hjua 'na, bido'u̱ ro ts'ii 'na, xi bo̱xro ts'äre 'na. ge'bu̱ go min pu̱n doja 'na.	bi boxro xi 'be̱ts'ina, bido'u̱ ro 'yu̱ni 'na, xi bi bo̱x ro hjua 'na, bido'u̱ ro ts'ii 'na, xi bo̱xro ts'äre 'na. ge'bu̱ go min pu̱n doja 'na.	bi bošro ši ʔbɛcʔina, bidoʔɨ ro ʔyɨni ʔna, ši bi bɔš ro hkhua ʔna, bidoʔɨ ro cʔii ʔna, ši bɔšro cʔᶏre ʔna. geʔbɨ go min pɨn dokha ʔna.	bi boʃɾo ʃi ʔbɛt͡sʔina, bidoʔɨ ro ʔjɨni ʔna, ʃi bi bɔʃ ro hkhua ʔna, bidoʔɨ ro t͡sʔii ʔna, ʃi bɔʃɾo t͡sʔãɾe ʔna. geʔbɨ go min pɨn dokha ʔna.																		
64	nso̱ho̱jä'i	gatho nuna hai ha nuna R'ayo Ximhai njabu̱ bi thutuabi nuya nso̱ho̱jä'i inbi tsa bi thutuabi man'a ra thuhu.	gatjo nuna jai ja nuna r'ayo ximjai nkjabu̱ bi tjutuabi nuya nso̱jo̱jä'i inbi tsa bi tjutuabi man'a ra tjuju.	gatho nuna hai ha nuna r'ayo ximhai njabu̱ bi thutuabi nuya nso̱ho̱jä'i inbi tsa bi thutuabi man'a ra thuhu.	gatho nuna hai ha nuna r'ayo ximhai njabu̱ bi thutuabi nuya nso̱ho̱jä'i inbi tsa bi thutuabi man'a ra thuhu.	gatho nuna hai ha nuna rʔayo šimhai nkhabɨ bi thutuabi nuya nsɔhɔkhᶏʔi inbi ca bi thutuabi manʔa ra thuhu.	gatho nuna hai ha nuna rʔajo ʃimhai nkhabɨ bi thutuabi nuja nsɔhɔkhãʔi inbi t͡sa bi thutuabi manʔa ra thuhu.																		
66	juän'ahmä	Ham'u̱ gatho ya juän'ahmä ge nuua xa ze̱ti ri ñ'ehe dige'a ya noya ya mu̱dimehai ha ra hñä ya ndeznä, nuna thuhu ri uni inga se̱he̱ ra n'atsanoya pa da fädi ra hñämfo̱, ingi ri me̱udi dige'a ra hmä fu̱oti dige'a nuna ra hñäki ra Netzahualcoyotl. Ne ra Cuauhtémoc.	jam'u̱ gatjo ya kjuän'ajmä ge nuua xa ze̱ti ri ñ'eje dige'a ya noya ya mu̱dimejai ja ra jñä ya ndeznä, nuna tjuju ri uni inga se̱je̱ ra n'atsanoya pa da fädi ra jñämfo̱, ingi ri me̱udi dige'a ra jmä fu̱oti dige'a nuna ra jñäki ra netzajualtsoyotl. ne ra cuauhtémoc.	ham'u̱ gatho ya juän'ahmä ge nuua xa ze̱ti ri ñ'ehe dige'a ya noya ya mu̱dimehai ha ra hñä ya ndeznä, nuna thuhu ri uni inga se̱he̱ ra n'atsanoya pa da fädi ra hñämfo̱, ingi ri me̱udi dige'a ra hmä fu̱oti dige'a nuna ra hñäki ra netzahualcoyotl. ne ra cuauhtémoc.	ham'u̱ gatho ya juän'ahmä ge nuua xa ze̱ti ri ñ'ehe dige'a ya noya ya mu̱dimehai ha ra hñä ya ndeznä, nuna thuhu ri uni inga se̱he̱ ra n'atsanoya pa da fädi ra hñämfo̱, ingi ri me̱udi dige'a ra hmä fu̱oti dige'a nuna ra hñäki ra netzahualcoyotl. ne ra cuauhtémoc.	hamʔɨ gatho ya khuᶏnʔahmᶏ ge nuua ša zɛti ri ñʔehe digeʔa ya noya ya mɨdimehai ha ra hñᶏ ya ndeznᶏ, nuna thuhu ri uni inga sɛhɛ ra nʔacanoya pa da phᶏdi ra hñᶏmphɔ, ingi ri mɛudi digeʔa ra hmᶏ phɨoti digeʔa nuna ra hñᶏki ra netzahualcoyotl. ne ra cuauhtémoc.	hamʔɨ gatho ja khuãnʔahmã ge nuua ʃa zɛti ri ɲʔehe digeʔa ja noja ja mɨdimehai ha ra hɲã ja ndeznã, nuna thuhu ri uni inga sɛhɛ ra nʔat͡sanoja pa da ɸãdi ra hɲãmɸɔ, ingi ri mɛudi digeʔa ra hmã ɸɨoti digeʔa nuna ra hɲãki ra netzahualkojotl. ne ra kuauhtémok.																		
68	jä'ihu̱	Ha bi häni ra ñ'udi, ma jä'ihu̱ bi ent'i gatho mahye̱gi nuya nzu̱te	ja bi jäni ra ñ'udi, ma kjä'iju̱ bi ent'i gatjo majye̱gi nuya nzu̱te	ha bi häni ra ñ'udi, ma jä'ihu̱ bi ent'i gatho mahye̱gi nuya nzu̱te	ha bi häni ra ñ'udi, ma jä'ihu̱ bi ent'i gatho mahye̱gi nuya nzu̱te	ha bi hᶏni ra ñʔudi, ma khᶏʔihɨ bi entʔi gatho mahyɛgi nuya nzɨte	ha bi hãni ra ɲʔudi, ma khãʔihɨ bi entʔi gatho mahjɛgi nuja nzɨte																		
70	jä'ihu̱	Mi hneki ngu ma jä'ihu̱ ngabu̱ mri hneki.	mi jneki ngu ma kjä'iju̱ ngabu̱ mri jneki.	mi hneki ngu ma jä'ihu̱ ngabu̱ mri hneki.	mi hneki ngu ma jä'ihu̱ ngabu̱ mri hneki.	mi hneki ngu ma khᶏʔihɨ ngabɨ mri hneki.	mi hneki ngu ma khãʔihɨ ngabɨ mɾi hneki.																		
71	jä'ihu̱	¿Te da o̱t'e ma jä'ihu̱ sta b'e̱dihu̱?	¿te da o̱t'e ma kjä'iju̱ sta b'e̱diju̱?	¿te da o̱t'e ma jä'ihu̱ sta b'e̱dihu̱?	¿te da o̱t'e ma jä'ihu̱ sta b'e̱dihu̱?	¿te da ɔtʔe ma khᶏʔihɨ sta bʔɛdihɨ?	¿te da ɔtʔe ma khãʔihɨ sta bʔɛdihɨ?																		
75	manjuäntho	R'a ya jä'i mi b'u̱i ha ra ngumi ja nunu ha ra hnini ri manjuäntho pa da tsoni nubu̱ ra Amáxac,	r'a ya kjä'i mi b'u̱i ja ra ngumi kja nunu ja ra jnini ri mankjuäntjo pa da tsoni nubu̱ ra amáxac,	r'a ya jä'i mi b'u̱i ha ra ngumi ja nunu ha ra hnini ri manjuäntho pa da tsoni nubu̱ ra amáxac,	r'a ya jä'i mi b'u̱i ha ra ngumi ja nunu ha ra hnini ri manjuäntho pa da tsoni nubu̱ ra amáxac,	rʔa ya khᶏʔi mi bʔɨi ha ra ngumi kha nunu ha ra hnini ri mankhuᶏntho pa da coni nubɨ ra amášac,	rʔa ja khãʔi mi bʔɨi ha ra ngumi kha nunu ha ra hnini ri mankhuãntho pa da t͡soni nubɨ ra amáʃat͡s,																		
78	manjuäntho	Into y'o manjuäntho, into pa ri nektho.	into y'o mankjuäntjo, into pa ri nektjo.	into y'o manjuäntho, into pa ri nektho.	into y'o manjuäntho, into pa ri nektho.	into yʔo mankhuᶏntho, into pa ri nektho.	into jʔo mankhuãntho, into pa ri nektho.																		
79	manjuäntho	bi ma manjuäntho habu̱ mi b'u̱i ra Ts'e̱y'e̱hmu bi xipabi;	bi ma mankjuäntjo jabu̱ mi b'u̱i ra ts'e̱y'e̱jmu bi xipabi;	bi ma manjuäntho habu̱ mi b'u̱i ra ts'e̱y'e̱hmu bi xipabi;	bi ma manjuäntho habu̱ mi b'u̱i ra ts'e̱y'e̱hmu bi xipabi;	bi ma mankhuᶏntho habɨ mi bʔɨi ra cʔɛyʔɛhmu bi šipabi;	bi ma mankhuãntho habɨ mi bʔɨi ra t͡sʔɛjʔɛhmu bi ʃipabi;																		
89	jakagihe	T'ena ge inbi unga mfädi pa gatho ya jä'i mi ñ'oui, ge nuna ndada ra Marqués da ñ'ehe dra hmu ha ma haihe, da ja me̱ti nu'a di pe̱tsihe nehe dra jakagihe ga mpe̱fihe ra hai ge bi umbabi o bi hänbabi ya hoga hai ya n'añ'o hnini.	t'ena ge inbi unga mfädi pa gatjo ya kjä'i mi ñ'oui, ge nuna ndada ra marqués da ñ'eje dra jmu ja ma jaije, da ja me̱ti nu'a di pe̱tsije neje dra kjakagije ga mpe̱fije ra jai ge bi umbabi o bi jänbabi ya joga jai ya n'añ'o jnini.	t'ena ge inbi unga mfädi pa gatho ya jä'i mi ñ'oui, ge nuna ndada ra marqués da ñ'ehe dra hmu ha ma haihe, da ja me̱ti nu'a di pe̱tsihe nehe dra jakagihe ga mpe̱fihe ra hai ge bi umbabi o bi hänbabi ya hoga hai ya n'añ'o hnini.	t'ena ge inbi unga mfädi pa gatho ya jä'i mi ñ'oui, ge nuna ndada ra marqués da ñ'ehe dra hmu ha ma haihe, da ja me̱ti nu'a di pe̱tsihe nehe dra jakagihe ga mpe̱fihe ra hai ge bi umbabi o bi hänbabi ya hoga hai ya n'añ'o hnini.	tʔena ge inbi unga mphᶏdi pa gatho ya khᶏʔi mi ñʔoui, ge nuna ndada ra marqués da ñʔehe dra hmu ha ma haihe, da kha mɛti nuʔa di pɛcihe nehe dra khakagihe ga mpɛphihe ra hai ge bi umbabi o bi hᶏnbabi ya hoga hai ya nʔañʔo hnini.	tʔena ge inbi unga mɸãdi pa gatho ja khãʔi mi ɲʔoui, ge nuna ndada ra maɾkés da ɲʔehe dɾa hmu ha ma haihe, da kha mɛti nuʔa di pɛt͡sihe nehe dɾa khakagihe ga mpɛɸihe ra hai ge bi umbabi o bi hãnbabi ja hoga hai ja nʔaɲʔo hnini.	T'ena ge inbi unga mfädi pa gatho ya jä'i mi ñ'oui, ge nuna ndada ra Marqués da ñ'ehe dra hmu ha ma haihe, da ja me̱ti nu'a di pe̱tsihe nehe dra jakagihe ga mpe̱fihe ra hai ge bi umbabi o bi hänbabi ya hoga hai ya n'añ'o hnini.	t'ena ge inbi unga mfädi pa gatjo ya jä'i mi ñ'oui, ge nuna ndada ra marqués da ñ'eje dra jmu ja ma jaije, da ja me̱ti nu'a di pe̱tsije neje dra jakagije ga mpe̱fije ra jai ge bi umbabi o bi jänbabi ya joga jai ya n'añ'o jnini.	t'ena ge inbi unga mfädi pa gatho ya jä'i mi ñ'oui, ge nuna ndada ra marqués da ñ'ehe dra hmu ha ma haihe, da ja me̱ti nu'a di pe̱tsihe nehe dra jakagihe ga mpe̱fihe ra hai ge bi umbabi o bi hänbabi ya hoga hai ya n'añ'o hnini.	t'ena ge inbi unga mfädi pa gatho ya jä'i mi ñ'oui, ge nuna ndada ra marqués da ñ'ehe dra hmu ha ma haihe, da ja me̱ti nu'a di pe̱tsihe nehe dra jakagihe ga mpe̱fihe ra hai ge bi umbabi o bi hänbabi ya hoga hai ya n'añ'o hnini.	tʔena ge inbi unga mphᶏdi pa gatho ya khᶏʔi mi ñʔoui, ge nuna ndada ra marqués da ñʔehe dra hmu ha ma haihe, da kha mɛti nuʔa di pɛcihe nehe dra khakagihe ga mpɛphihe ra hai ge bi umbabi o bi hᶏnbabi ya hoga hai ya nʔañʔo hnini.	tʔena ge inbi unga mɸãdi pa gatho ja khãʔi mi ɲʔoui, ge nuna ndada ra maɾqués da ɲʔehe dɾa hmu ha ma haihe, da kha mɛti nuʔa di pɛt͡sihe nehe dɾa khakagihe ga mpɛɸihe ra hai ge bi umbabi o bi hãnbabi ja hoga hai ja nʔaɲʔo hnini.	T'ena ge inbi unga mfädi pa gatho ya jä'i mi ñ'oui, ge nuna ndada ra Marqués da ñ'ehe dra hmu ha ma haihe, da ja me̱ti nu'a di pe̱tsihe nehe dra jakagihe ga mpe̱fihe ra hai ge bi umbabi o bi hänbabi ya hoga hai ya n'añ'o hnini.	t'ena ge inbi unga mfädi pa gatjo ya jä'i mi ñ'oui, ge nuna ndada ra marqués da ñ'eje dra jmu ja ma jaije, da ja me̱ti nu'a di pe̱tsije neje dra jakagije ga mpe̱fije ra jai ge bi umbabi o bi jänbabi ya joga jai ya n'añ'o jnini.	t'ena ge inbi unga mfädi pa gatho ya jä'i mi ñ'oui, ge nuna ndada ra marqués da ñ'ehe dra hmu ha ma haihe, da ja me̱ti nu'a di pe̱tsihe nehe dra jakagihe ga mpe̱fihe ra hai ge bi umbabi o bi hänbabi ya hoga hai ya n'añ'o hnini.	t'ena ge inbi unga mfädi pa gatho ya jä'i mi ñ'oui, ge nuna ndada ra marqués da ñ'ehe dra hmu ha ma haihe, da ja me̱ti nu'a di pe̱tsihe nehe dra jakagihe ga mpe̱fihe ra hai ge bi umbabi o bi hänbabi ya hoga hai ya n'añ'o hnini.	tʔena ge inbi unga mphᶏdi pa gatho ya khᶏʔi mi ñʔoui, ge nuna ndada ra marqués da ñʔehe dra hmu ha ma haihe, da kha mɛti nuʔa di pɛcihe nehe dra khakagihe ga mpɛphihe ra hai ge bi umbabi o bi hᶏnbabi ya hoga hai ya nʔañʔo hnini.	tʔena ge inbi unga mɸãdi pa gatho ja khãʔi mi ɲʔoui, ge nuna ndada ra maɾqués da ɲʔehe dɾa hmu ha ma haihe, da kha mɛti nuʔa di pɛt͡sihe nehe dɾa khakagihe ga mpɛɸihe ra hai ge bi umbabi o bi hãnbabi ja hoga hai ja nʔaɲʔo hnini.	T'ena ge inbi unga mfädi pa gatho ya jä'i mi ñ'oui, ge nuna ndada ra Marqués da ñ'ehe dra hmu ha ma haihe, da ja me̱ti nu'a di pe̱tsihe nehe dra jakagihe ga mpe̱fihe ra hai ge bi umbabi o bi hänbabi ya hoga hai ya n'añ'o hnini.	t'ena ge inbi unga mfädi pa gatjo ya jä'i mi ñ'oui, ge nuna ndada ra marqués da ñ'eje dra jmu ja ma jaije, da ja me̱ti nu'a di pe̱tsije neje dra jakagije ga mpe̱fije ra jai ge bi umbabi o bi jänbabi ya joga jai ya n'añ'o jnini.	t'ena ge inbi unga mfädi pa gatho ya jä'i mi ñ'oui, ge nuna ndada ra marqués da ñ'ehe dra hmu ha ma haihe, da ja me̱ti nu'a di pe̱tsihe nehe dra jakagihe ga mpe̱fihe ra hai ge bi umbabi o bi hänbabi ya hoga hai ya n'añ'o hnini.	t'ena ge inbi unga mfädi pa gatho ya jä'i mi ñ'oui, ge nuna ndada ra marqués da ñ'ehe dra hmu ha ma haihe, da ja me̱ti nu'a di pe̱tsihe nehe dra jakagihe ga mpe̱fihe ra hai ge bi umbabi o bi hänbabi ya hoga hai ya n'añ'o hnini.	tʔena ge inbi unga mphᶏdi pa gatho ya khᶏʔi mi ñʔoui, ge nuna ndada ra marqués da ñʔehe dra hmu ha ma haihe, da kha mɛti nuʔa di pɛcihe nehe dra khakagihe ga mpɛphihe ra hai ge bi umbabi o bi hᶏnbabi ya hoga hai ya nʔañʔo hnini.	tʔena ge inbi unga mɸãdi pa gatho ja khãʔi mi ɲʔoui, ge nuna ndada ra maɾqués da ɲʔehe dɾa hmu ha ma haihe, da kha mɛti nuʔa di pɛt͡sihe nehe dɾa khakagihe ga mpɛɸihe ra hai ge bi umbabi o bi hãnbabi ja hoga hai ja nʔaɲʔo hnini.
92	ajuähu̱,	y'o, ri ma ne gi xipabihu̱ ya metlaxcala ge ma r'a ya me̱ti jä'i ne ri ajuähu̱, ge nu'a ga mä ge xa ehe nuua ma haihu̱, ge di umbabihe ma nthädihe.	y'o, ri ma ne gi xipabiju̱ ya metlaxcala ge ma r'a ya me̱ti kjä'i ne ri ajuäju̱, ge nu'a ga mä ge xa eje nuua ma jaiju̱, ge di umbabije ma ntjädije.	y'o, ri ma ne gi xipabihu̱ ya metlaxcala ge ma r'a ya me̱ti jä'i ne ri ajuähu̱, ge nu'a ga mä ge xa ehe nuua ma haihu̱, ge di umbabihe ma nthädihe.	y'o, ri ma ne gi xipabihu̱ ya metlaxcala ge ma r'a ya me̱ti jä'i ne ri ajuähu̱, ge nu'a ga mä ge xa ehe nuua ma haihu̱, ge di umbabihe ma nthädihe.	yʔo, ri ma ne gi šipabihɨ ya metlašcala ge ma rʔa ya mɛti khᶏʔi ne ri akhuᶏhɨ, ge nuʔa ga mᶏ ge ša ehe nuua ma haihɨ, ge di umbabihe ma nthᶏdihe.	jʔo, ri ma ne gi ʃipabihɨ ja metlaʃkala ge ma rʔa ja mɛti khãʔi ne ri akhuãhɨ, ge nuʔa ga mã ge ʃa ehe nuua ma haihɨ, ge di umbabihe ma nthãdihe.																		
93	nso̱ho̱jä'i,	Ra nthädi ra Cuitlahuacatzin bi ena ge ina da o̱t'e nuya bi b'e̱pabi ya nso̱ho̱jä'i,	ra ntjädi ra cuitlahuacatzin bi ena ge ina da o̱t'e nuya bi b'e̱pabi ya nso̱jo̱jä'i,	ra nthädi ra cuitlahuacatzin bi ena ge ina da o̱t'e nuya bi b'e̱pabi ya nso̱ho̱jä'i,	ra nthädi ra cuitlahuacatzin bi ena ge ina da o̱t'e nuya bi b'e̱pabi ya nso̱ho̱jä'i,	ra nthᶏdi ra cuitlahuacatzin bi ena ge ina da ɔtʔe nuya bi bʔɛpabi ya nsɔhɔkhᶏʔi,	ra nthãdi ra kuitlahuakatzin bi ena ge ina da ɔtʔe nuja bi bʔɛpabi ja nsɔhɔkhãʔi,																		
94	jä'ihe	Dra jä'ihe ha nu'a ra hnini.	dra kjä'ihe ja nu'a ra jnini.	dra jä'ihe ha nu'a ra hnini.	dra jä'ihe ha nu'a ra hnini.	dra khᶏʔihe ha nuʔa ra hnini.	dɾa khãʔihe ha nuʔa ra hnini.																		
97	juatihe	ma bo̱nahmu'ihe: nuna b'e̱fi ga tsokagihe sta juatihe gatho: gi nuti nuua, xa hño bo̱nahmu.	ma bo̱najmu'ije: nuna b'e̱fi ga tsokagije sta kjuatihe gatjo: gi nuti nuua, xa jño bo̱najmu.	ma bo̱nahmu'ihe: nuna b'e̱fi ga tsokagihe sta juatihe gatho: gi nuti nuua, xa hño bo̱nahmu.	ma bo̱nahmu'ihe: nuna b'e̱fi ga tsokagihe sta juatihe gatho: gi nuti nuua, xa hño bo̱nahmu.	ma bɔnahmuʔihe: nuna bʔɛphi ga cokagihe sta khuatihe gatho: gi nuti nuua, ša hño bɔnahmu.	ma bɔnahmuʔihe: nuna bʔɛɸi ga t͡sokagihe sta khuatihe gatho: gi nuti nuua, ʃa hɲo bɔnahmu.																		
99	ju̱he	Habu̱ ga ju̱he nuyu̱ (ya tenochcas) te gi honihu̱?	jabu̱ ga kju̱he nuyu̱ (ya tenochcas) te gi joniju̱?	habu̱ ga ju̱he nuyu̱ (ya tenochcas) te gi honihu̱?	habu̱ ga ju̱he nuyu̱ (ya tenochcas) te gi honihu̱?	habɨ ga khɨhe nuyɨ (ya tenočcas) te gi honihɨ?	habɨ ga khɨhe nujɨ (ja tenot͡ʃkas) te gi honihɨ?																		
100	ju̱kagihe	di to̱m'ihe ra ñ'ethi pa nugagihe, n'a ra pa ngu ma n'a ra pa thogi nekagihe di huadihe ra nge'a indi tse̱tihe nuna b'u̱i t'o̱t'e ko ngekagihe man'año ya ntho, t'e̱nts'igihe thi ma haihe ma me̱tihe, ju̱kagihe ga mpe̱fihe ndunthi, b'e̱kagihe ga jut'ihe xdunthi ya boja, n'a ngu n'a ra pa nuna njut'i di o̱t'ehe man'a te ma thaihe di tuhe.	di to̱m'ihe ra ñ'etji pa nugagije, n'a ra pa ngu ma n'a ra pa tjogi nekagije di juadije ra nge'a indi tse̱tije nuna b'u̱i t'o̱t'e ko ngekagije man'año ya ntjo, t'e̱nts'igije tji ma jaije ma me̱tije, ju̱kagije ga mpe̱fije nduntji, b'e̱kagije ga jut'ije xduntji ya boja, n'a ngu n'a ra pa nuna njut'i di o̱t'eje man'a te ma tjaije di tuje.	di to̱m'ihe ra ñ'ethi pa nugagihe, n'a ra pa ngu ma n'a ra pa thogi nekagihe di huadihe ra nge'a indi tse̱tihe nuna b'u̱i t'o̱t'e ko ngekagihe man'año ya ntho, t'e̱nts'igihe thi ma haihe ma me̱tihe, ju̱kagihe ga mpe̱fihe ndunthi, b'e̱kagihe ga jut'ihe xdunthi ya boja, n'a ngu n'a ra pa nuna njut'i di o̱t'ehe man'a te ma thaihe di tuhe.	di to̱m'ihe ra ñ'ethi pa nugagihe, n'a ra pa ngu ma n'a ra pa thogi nekagihe di huadihe ra nge'a indi tse̱tihe nuna b'u̱i t'o̱t'e ko ngekagihe man'año ya ntho, t'e̱nts'igihe thi ma haihe ma me̱tihe, ju̱kagihe ga mpe̱fihe ndunthi, b'e̱kagihe ga jut'ihe xdunthi ya boja, n'a ngu n'a ra pa nuna njut'i di o̱t'ehe man'a te ma thaihe di tuhe.	di tɔmʔihe ra ñʔethi pa nugagihe, nʔa ra pa ngu ma nʔa ra pa thogi nekagihe di huadihe ra ngeʔa indi cɛtihe nuna bʔɨi tʔɔtʔe ko ngekagihe manʔaño ya ntho, tʔɛncʔigihe thi ma haihe ma mɛtihe, khɨkagihe ga mpɛphihe ndunthi, bʔɛkagihe ga khutʔihe šdunthi ya bokha, nʔa ngu nʔa ra pa nuna nkhutʔi di ɔtʔehe manʔa te ma thaihe di tuhe.	di tɔmʔihe ra ɲʔethi pa nugagihe, nʔa ra pa ngu ma nʔa ra pa thogi nekagihe di huadihe ra ngeʔa indi t͡sɛtihe nuna bʔɨi tʔɔtʔe ko ngekagihe manʔaɲo ja ntho, tʔɛnt͡sʔigihe thi ma haihe ma mɛtihe, khɨkagihe ga mpɛɸihe ndunthi, bʔɛkagihe ga khutʔihe ʃdunthi ja bokha, nʔa ngu nʔa ra pa nuna nkhutʔi di ɔtʔehe manʔa te ma thaihe di tuhe.																		
103	jut'ihe	Nub'u̱ ndi umbabihe ma njut'ihe xki nzäi ndi da'ihe, mi adi n'a tu̱ki nehe nub'u̱ ndi unihe ya k'astaboja mi häni made n'a tu̱ki [...]	nub'u̱ ndi umbabije ma nkjut'ije xki nzäi ndi da'ije, mi adi n'a tu̱ki neje nub'u̱ ndi unije ya k'astaboja mi jäni made n'a tu̱ki [...]	nub'u̱ ndi umbabihe ma njut'ihe xki nzäi ndi da'ihe, mi adi n'a tu̱ki nehe nub'u̱ ndi unihe ya k'astaboja mi häni made n'a tu̱ki [...]	nub'u̱ ndi umbabihe ma njut'ihe xki nzäi ndi da'ihe, mi adi n'a tu̱ki nehe nub'u̱ ndi unihe ya k'astaboja mi häni made n'a tu̱ki [...]	nubʔɨ ndi umbabihe ma nkhutʔihe ški nzᶏi ndi daʔihe, mi adi nʔa tɨki nehe nubʔɨ ndi unihe ya kʔastabokha mi hᶏni made nʔa tɨki [...]	nubʔɨ ndi umbabihe ma nkhutʔihe ʃki nzãi ndi daʔihe, mi adi nʔa tɨki nehe nubʔɨ ndi unihe ja kʔastabokha mi hãni made nʔa tɨki [...]																		
105	johya,	Ndunthi bri johya, bri thuxpabi gatho nu'a mi o̱t'abi ra b'edi, ko nge'u̱ bi m'u̱i ne mi t'umbabi ya t'ixu:	nduntji bri kjojya, bri tjuxpabi gatjo nu'a mi o̱t'abi ra b'edi, ko nge'u̱ bi m'u̱i ne mi t'umbabi ya t'ixu:	ndunthi bri johya, bri thuxpabi gatho nu'a mi o̱t'abi ra b'edi, ko nge'u̱ bi m'u̱i ne mi t'umbabi ya t'ixu:	ndunthi bri johya, bri thuxpabi gatho nu'a mi o̱t'abi ra b'edi, ko nge'u̱ bi m'u̱i ne mi t'umbabi ya t'ixu:	ndunthi bri khohya, bri thušpabi gatho nuʔa mi ɔtʔabi ra bʔedi, ko ngeʔɨ bi mʔɨi ne mi tʔumbabi ya tʔišu:	ndunthi bɾi khohja, bɾi thuʃpabi gatho nuʔa mi ɔtʔabi ra bʔedi, ko ngeʔɨ bi mʔɨi ne mi tʔumbabi ja tʔiʃu:																		
106	johya,	Ya miñ'o ko ngehna hmä ri johya,	ya miñ'o ko ngejna jmä ri kjojya,	ya miñ'o ko ngehna hmä ri johya,	ya miñ'o ko ngehna hmä ri johya,	ya miñʔo ko ngehna hmᶏ ri khohya,	ja miɲʔo ko ngehna hmã ri khohja,																		
110	johi	Ra Alvarado bi johi bi ntsabi. Bi ma nuni Tlacopan da ntsaya.	ra alvarado bi kjoji bi ntsabi. bi ma nuni tlacopan da ntsaya.	ra alvarado bi johi bi ntsabi. bi ma nuni tlacopan da ntsaya.	ra alvarado bi johi bi ntsabi. bi ma nuni tlacopan da ntsaya.	ra alvarado bi khohi bi ncabi. bi ma nuni tlacopan da ncaya.	ra alvaɾado bi khohi bi nt͡sabi. bi ma nuni tlakopan da nt͡saja.																		
112	hanja...	Nuga̱ xi di ne'i, hindi pädi hanja...	nuga̱ xi di ne'i, jindi pädi jankja...	nuga̱ xi di ne'i, hindi pädi hanja...	nuga̱ xi di ne'i, hindi pädi hanja...	nugʌ ši di neʔi, hindi pᶏdi hankha...	nugə ʃi di neʔi, hindi pãdi hankha...																		
113	njändahmä	Fernando Alva Ixtlilxóchitl, xiii njändahmä "ra ñ'ehe ya ñämfo̱ ne ra mu̱di ra hoga ts'ofo ra evangelio."	fernando alva ixtlilxóchitl, xiii nkjändajmä "ra ñ'eje ya ñämfo̱ ne ra mu̱di ra joga ts'ofo ra evangelio."	fernando alva ixtlilxóchitl, xiii njändahmä "ra ñ'ehe ya ñämfo̱ ne ra mu̱di ra hoga ts'ofo ra evangelio."	fernando alva ixtlilxótxitl, xiii njändahmä "ra ñ'ehe ya ñämfo̱ ne ra mu̱di ra hoga ts'ofo ra evangelio."	phernando alva ištlilšóčitl, šiii nkhᶏndahmᶏ "ra ñʔehe ya ñᶏmphɔ ne ra mɨdi ra hoga cʔopho ra evangelio."	ɸeɾnando alva iʃtlilʃót͡ʃitl, ʃiii nkhãndahmã "ɾa ɲʔehe ja ɲãmɸɔ ne ra mɨdi ra hoga t͡sʔoɸo ra ebangelio."																		
114	njändahmä	Bi tse̱ti nuna ngot'i ra M'onda, ngu pede ra Dänga B'ede, ya K'oi ne ya njändahmä, ngu nu'a ra hmä ra Alonso Axayaca, goho n'ate ma pa bi nzo̱t'e nuna pa.	bi tse̱ti nuna ngot'i ra m'onda, ngu pede ra dänga b'ede, ya k'oi ne ya nkjändajmä, ngu nu'a ra jmä ra alonso axayaca, gojo n'ate ma pa bi nzo̱t'e nuna pa.	bi tse̱ti nuna ngot'i ra m'onda, ngu pede ra dänga b'ede, ya k'oi ne ya njändahmä, ngu nu'a ra hmä ra alonso axayaca, goho n'ate ma pa bi nzo̱t'e nuna pa.	bi tse̱ti nuna ngot'i ra m'onda, ngu pede ra dänga b'ede, ya k'oi ne ya njändahmä, ngu nu'a ra hmä ra alonso axayaca, goho n'ate ma pa bi nzo̱t'e nuna pa.	bi cɛti nuna ngotʔi ra mʔonda, ngu pede ra dᶏnga bʔede, ya kʔoi ne ya nkhᶏndahmᶏ, ngu nuʔa ra hmᶏ ra alonso axayaca, goho nʔate ma pa bi nzɔtʔe nuna pa.	bi t͡sɛti nuna ngotʔi ra mʔonda, ngu pede ra dãnga bʔede, ja kʔoi ne ja nkhãndahmã, ngu nuʔa ra hmã ra alonso aʃajaka, goho nʔate ma pa bi nzɔtʔe nuna pa.																		
116	ajuähu̱	—Dom'i ma ajuähu̱ ge inda yu̱t'a ha ma nguhu̱ nuhu̱ to'o e̱nts'i pa thi ne da hokuabi ra honanhyo nub'u̱ sta ne da hyoki ya inda za.	-dom'i ma akjuäju̱ ge inda yu̱t'a ja ma nguju̱ nuju̱ to'o e̱nts'i pa tji ne da jokuabi ra jonanjyo nub'u̱ sta ne da jyoki ya inda za.	-dom'i ma ajuähu̱ ge inda yu̱t'a ha ma nguhu̱ nuhu̱ to'o e̱nts'i pa thi ne da hokuabi ra honanhyo nub'u̱ sta ne da hyoki ya inda za.	-dom'i ma ajuähu̱ ge inda yu̱t'a ha ma nguhu̱ nuhu̱ to'o e̱nts'i pa thi ne da hokuabi ra honanhyo nub'u̱ sta ne da hyoki ya inda za.	-domʔi ma akhuᶏhɨ ge inda yɨtʔa ha ma nguhɨ nuhɨ toʔo ɛncʔi pa thi ne da hokuabi ra honanhyo nubʔɨ sta ne da hyoki ya inda za.	-domʔi ma akhuãhɨ ge inda jɨtʔa ha ma nguhɨ nuhɨ toʔo ɛnt͡sʔi pa thi ne da hokuabi ra honanhjo nubʔɨ sta ne da hjoki ja inda za.																		
117	ajuähu̱	bi tso̱hso̱ ra ngo ma ajuähu̱: nubia da fu̱di da guadi ra r'e̱t'a ra pa.	bi tso̱jso̱ ra ngo ma akjuäju̱: nubia da fu̱di da guadi ra r'e̱t'a ra pa.	bi tso̱hso̱ ra ngo ma ajuähu̱: nubia da fu̱di da guadi ra r'e̱t'a ra pa.	bi tso̱hso̱ ra ngo ma ajuähu̱: nubia da fu̱di da guadi ra r'e̱t'a ra pa.	bi cɔhsɔ ra ngo ma akhuᶏhɨ: nubia da phɨdi da guadi ra rʔɛtʔa ra pa.	bi t͡sɔhsɔ ra ngo ma akhuãhɨ: nubia da ɸɨdi da guadi ra rʔɛtʔa ra pa.																		
118	japabihe	Da umbabihe te da zi, da japabihe ndunthi ma zu.	da umbabije te da zi, da kjapabije nduntji ma zu.	da umbabihe te da zi, da japabihe ndunthi ma zu.	da umbabihe te da zi, da japabihe ndunthi ma zu.	da umbabihe te da zi, da khapabihe ndunthi ma zu.	da umbabihe te da zi, da khapabihe ndunthi ma zu.																		
121	njondahmä	Ra nhñu ne ra ngästsi ra b'ist'ofo di huts'ihu̱ ha nuna ze̱ki b'ist'ofo, ri ñ'ehe ra VII njondahmä ra Chimalpain,	ra njñu ne ra ngästsi ra b'ist'ofo di juts'iju̱ ja nuna ze̱ki b'ist'ofo, ri ñ'eje ra vii nkjondajmä ra chimalpain,	ra nhñu ne ra ngästsi ra b'ist'ofo di huts'ihu̱ ha nuna ze̱ki b'ist'ofo, ri ñ'ehe ra vii njondahmä ra chimalpain,	ra nhñu ne ra ngästsi ra b'ist'ofo di huts'ihu̱ ha nuna ze̱ki b'ist'ofo, ri ñ'ehe ra vii njondahmä ra chimalpain,	ra nhñu ne ra ngᶏsci ra bʔistʔopho di hucʔihɨ ha nuna zɛki bʔistʔopho, ri ñʔehe ra vii nkhondahmᶏ ra chimalpain,	ra nhɲu ne ra ngãst͡si ra bʔistʔoɸo di hut͡sʔihɨ ha nuna zɛki bʔistʔoɸo, ri ɲʔehe ra vii nkhondahmã ra t͡ʃimalpain,																		
124	njondahmä	pa ga b'u̱i mpaha ne ga o̱t'e n'a ra njondahmä gatho nu'a ga handi.	pa ga b'u̱i mpaja ne ga o̱t'e n'a ra nkjondajmä gatjo nu'a ga jandi.	pa ga b'u̱i mpaha ne ga o̱t'e n'a ra njondahmä gatho nu'a ga handi.	pa ga b'u̱i mpaha ne ga o̱t'e n'a ra njondahmä gatho nu'a ga handi.	pa ga bʔɨi mpaha ne ga ɔtʔe nʔa ra nkhondahmᶏ gatho nuʔa ga handi.	pa ga bʔɨi mpaha ne ga ɔtʔe nʔa ra nkhondahmã gatho nuʔa ga handi.																		
127	johyahu̱,	Num'u̱ di johyahu̱, nkuehu̱, nts'o̱mihu̱, tsuhu ne pa da t'o̱xkähu̱ di hohñu̱ nu ya nt'u̱i xi di 'yoohu̱ (¡!). Nuya da nt'ot'i ko ra dänt'ot'i	num'u̱ di kjojyaju̱, nkueju̱, nts'o̱miju̱, tsuju ne pa da t'o̱xkäju̱ di jojñu̱ nu ya nt'u̱i xi di 'yooju̱ (¡!). nuya da nt'ot'i ko ra dänt'ot'í	num'u̱ di johyahu̱, nkuehu̱, nts'o̱mihu̱, tsuhu ne pa da t'o̱xkähu̱ di hohñu̱ nu ya nt'u̱i xi di 'yoohu̱ (¡!). nuya da nt'ot'i ko ra dänt'ot'í	num'u̱ di johyahu̱, nkuehu̱, nts'o̱mihu̱, tsuhu ne pa da t'o̱xkähu̱ di hohñu̱ nu ya nt'u̱i xi di 'yoohu̱ (¡!). nuya da nt'ot'i ko ra dänt'ot'í	numʔɨ di khohyahɨ, nkuehɨ, ncʔɔmihɨ, cuhu ne pa da tʔɔškᶏhɨ di hohñɨ nu ya ntʔɨi ši di ʔyoohɨ (¡!). nuya da ntʔotʔi ko ra dᶏntʔotʔí	numʔɨ di khohjahɨ, nkuehɨ, nt͡sʔɔmihɨ, t͡suhu ne pa da tʔɔʃkãhɨ di hohɲɨ nu ja ntʔɨi ʃi di ʔjoohɨ (¡!). nuja da ntʔotʔi ko ra dãntʔotʔí																		
128	¿hanja,	Pe, nu'i ndada nu'i ma t'ek'ei ra makja, nub'u̱ nu'i ingi zugagihe, ¿hanja, nuua, ra hyo di ge'a, ga tsogi nubu̱ [nu'a ma b'e̱hña]?	pe, nu'i ndada nu'i ma t'ek'ei ra makja, nub'u̱ nu'i ingi zugagije, ¿jankja, nuua, ra jyo di ge'a, ga tsogi nubu̱ [nu'a ma b'e̱jña]?	pe, nu'i ndada nu'i ma t'ek'ei ra makja, nub'u̱ nu'i ingi zugagihe, ¿hanja, nuua, ra hyo di ge'a, ga tsogi nubu̱ [nu'a ma b'e̱hña]?	pe, nu'i ndada nu'i ma t'ek'ei ra makja, nub'u̱ nu'i ingi zugagihe, ¿hanja, nuua, ra hyo di ge'a, ga tsogi nubu̱ [nu'a ma b'e̱hña]?	pe, nuʔi ndada nuʔi ma tʔekʔei ra makkha, nubʔɨ nuʔi ingi zugagihe, ¿hankha, nuua, ra hyo di geʔa, ga cogi nubɨ [nuʔa ma bʔɛhña]?	pe, nuʔi ndada nuʔi ma tʔekʔei ra makkha, nubʔɨ nuʔi ingi zugagihe, ¿hankha, nuua, ra hjo di geʔa, ga t͡sogi nubɨ [nuʔa ma bʔɛhɲa]?																		
129	manjuäntho,	Into y'o manjuäntho, into pa ri nektho.	into y'o manjuäntjo, into pa ri nektjo.	into y'o manjuäntho, into pa ri nektho.	into y'o manjuäntho, into pa ri nektho.	into yʔo mankhuᶏntho, into pa ri nektho.	into jʔo mankhuãntho, into pa ri nektho.																		
132	makjahe,	Ha nubia di ndäki, di ndändiñähmu, di ma ga ts'u̱tsa'i ri y'e, ga ndäne'i ra nge'a nu'a'i ma makjahe, ra Bartolomé López, nub'u̱ mi njuäni ma b'e̱hña inbi njuäni ha nubu̱ mi xaxi pa da o̱t'a ya tso̱mfen	ja nubia di ndäki, di ndändiñäjmu, di ma ga ts'u̱tsa'i ri y'e, ga ndäne'i ra nge'a nu'a'i ma makjaje, ra bartolomé lópez, nub'u̱ mi nkjuäni ma b'e̱jña inbi nkjuäni ja nubu̱ mi xaxi pa da o̱t'a ya tso̱mfen	ha nubia di ndäki, di ndändiñähmu, di ma ga ts'u̱tsa'i ri y'e, ga ndäne'i ra nge'a nu'a'i ma makjahe, ra bartolomé lópez, nub'u̱ mi njuäni ma b'e̱hña inbi njuäni ha nubu̱ mi xaxi pa da o̱t'a ya tso̱mfen	ha nubia di ndäki, di ndändiñähmu, di ma ga ts'u̱tsa'i ri y'e, ga ndäne'i ra nge'a nu'a'i ma makjahe, ra bartolomé lópez, nub'u̱ mi njuäni ma b'e̱hña inbi njuäni ha nubu̱ mi xaxi pa da o̱t'a ya tso̱mfen	ha nubia di ndᶏki, di ndᶏndiñᶏhmu, di ma ga cʔɨcaʔi ri yʔe, ga ndᶏneʔi ra ngeʔa nuʔaʔi ma makkhahe, ra bartolomé lópez, nubʔɨ mi nkhuᶏni ma bʔɛhña inbi nkhuᶏni ha nubɨ mi šaši pa da ɔtʔa ya cɔmphen	ha nubia di ndãki, di ndãndiɲãhmu, di ma ga t͡sʔɨt͡saʔi ri jʔe, ga ndãneʔi ra ngeʔa nuʔaʔi ma makkhahe, ra baɾtolomé lópez, nubʔɨ mi nkhuãni ma bʔɛhɲa inbi nkhuãni ha nubɨ mi ʃaʃi pa da ɔtʔa ja t͡sɔmɸen																		
133	njoho	Ra nyoho nu'a mi zu ra Tepoztlan; ra nhñu ra me Tizatlan, ra njoho mi ñ'ehe nuni Huehuetlan ne ra nku̱ta mra Dänga Mictlan.	ra nyojo nu'a mi zu ra tepoztlan; ra njñu ra me tizatlan, ra nkjojo mi ñ'eje nuni huehuetlan ne ra nku̱ta mra dänga mictlan.	ra nyoho nu'a mi zu ra tepoztlan; ra nhñu ra me tizatlan, ra njoho mi ñ'ehe nuni huehuetlan ne ra nku̱ta mra dänga mictlan.	ra nyoho nu'a mi zu ra tepoztlan; ra nhñu ra me tizatlan, ra njoho mi ñ'ehe nuni huehuetlan ne ra nku̱ta mra dänga mictlan.	ra nyoho nuʔa mi zu ra tepoztlan; ra nhñu ra me tizatlan, ra nkhoho mi ñʔehe nuni huehuetlan ne ra nkɨta mra dᶏnga mictlan.	ra njoho nuʔa mi zu ra tepoztlan; ra nhɲu ra me tizatlan, ra nkhoho mi ɲʔehe nuni huehuetlan ne ra nkɨta mɾa dãnga miktlan.																		
134	juähu̱?	—¿Nguande njabu̱ ga mäu gra juähu̱?	-¿nguande nkjabu̱ ga mäu gra kjuäju̱?	-¿nguande njabu̱ ga mäu gra juähu̱?	-¿nguande njabu̱ ga mäu gra juähu̱?	-¿nguande nkhabɨ ga mᶏu gra khuᶏhɨ?	-¿nguande nkhabɨ ga mãu gɾa khuãhɨ?																		
137	njot'ihñä	Da thuts'i ya njot'ihñä ( )	da tjuts'i ya nkjot'ijñä ( )	da thuts'i ya njot'ihñä ( )	da thuts'i ya njot'ihñä ( )	da thucʔi ya nkhotʔihñᶏ ( )	da thut͡sʔi ja nkhotʔihɲã ( )																		
138	jihni	Nuya tsat'io mi b'et'o, mi gu̱t'a ra ñ'u, mi teni, ya xiñu mi ju̱ts'i pa mañä, xi mi pähä gatho mi handi mi nest'ihi: mi tu̱ta ya jihni	nuya tsat'io mi b'et'o, mi gu̱t'a ra ñ'u, mi teni, ya xiñu mi kju̱ts'i pa mañä, xi mi päjä gatjo mi jandi mi nest'iji: mi tu̱ta ya kjijni	nuya tsat'io mi b'et'o, mi gu̱t'a ra ñ'u, mi teni, ya xiñu mi ju̱ts'i pa mañä, xi mi pähä gatho mi handi mi nest'ihi: mi tu̱ta ya jihni	nuya tsat'io mi b'et'o, mi gu̱t'a ra ñ'u, mi teni, ya xiñu mi ju̱ts'i pa mañä, xi mi pähä gatho mi handi mi nest'ihi: mi tu̱ta ya jihni	nuya catʔio mi bʔetʔo, mi gɨtʔa ra ñʔu, mi teni, ya šiñu mi khɨcʔi pa mañᶏ, ši mi pᶏhᶏ gatho mi handi mi nestʔihi: mi tɨta ya khihni	nuja t͡satʔio mi bʔetʔo, mi gɨtʔa ra ɲʔu, mi teni, ja ʃiɲu mi khɨt͡sʔi pa maɲã, ʃi mi pãhã gatho mi handi mi nestʔihi: mi tɨta ja khihni																		
139	manjuäntho.	Ra ngehna nuna pa bi ma n'a ra ñ'u manjuäntho.	ra ngejna nuna pa bi ma n'a ra ñ'u mankjuäntjo.	ra ngehna nuna pa bi ma n'a ra ñ'u manjuäntho.	ra ngehna nuna pa bi ma n'a ra ñ'u manjuäntho.	ra ngehna nuna pa bi ma nʔa ra ñʔu mankhuᶏntho.	ra ngehna nuna pa bi ma nʔa ra ɲʔu mankhuãntho.																		
140	hyotejä'i,	xa zägi mpaha, nub'u̱ xa njabu̱ xa japabi ma zu ne inte xa t'o̱tuabi nub'u̱ inda japi xa po̱ho̱ bi ya kue̱ ra nge'a ya jä'i xi mra no̱t'e ne mra hyotejä'i,	xa zägi mpaja, nub'u̱ xa nkjabu̱ xa kjapabi ma zu ne inte xa t'o̱tuabi nub'u̱ inda kjapi xa po̱jo̱ bi ya kue̱ ra nge'a ya kjä'i xi mra no̱t'e ne mra jyotekjä'i,	xa zägi mpaha, nub'u̱ xa njabu̱ xa japabi ma zu ne inte xa t'o̱tuabi nub'u̱ inda japi xa po̱ho̱ bi ya kue̱ ra nge'a ya jä'i xi mra no̱t'e ne mra hyotejä'i,	xa zägi mpaha, nub'u̱ xa njabu̱ xa japabi ma zu ne inte xa t'o̱tuabi nub'u̱ inda japi xa po̱ho̱ bi ya kue̱ ra nge'a ya jä'i xi mra no̱t'e ne mra hyotejä'i,	ša zᶏgi mpaha, nubʔɨ ša nkhabɨ ša khapabi ma zu ne inte ša tʔɔtuabi nubʔɨ inda khapi ša pɔhɔ bi ya kuɛ ra ngeʔa ya khᶏʔi ši mra nɔtʔe ne mra hyotekhᶏʔi,	ʃa zãgi mpaha, nubʔɨ ʃa nkhabɨ ʃa khapabi ma zu ne inte ʃa tʔɔtuabi nubʔɨ inda khapi ʃa pɔhɔ bi ja kuɛ ra ngeʔa ja khãʔi ʃi mɾa nɔtʔe ne mɾa hjotekhãʔi,																		
142	njamädihe.	—Xa hño, di b'u̠ihe njamädihe.	-xa jño, di b'u̱ije nkjamädije.	-xa hño, di b'u̱ihe njamädihe.	-xa hño, di b'u̱ihe njamädihe.	-ša hño, di bʔɨihe nkhamᶏdihe.	-ʃa hɲo, di bʔɨihe nkhamãdihe.																		
144	njondahmä.	Ha ya t'u̠ka ze̠ki thuts'i n'a tu̠kitho nuna thogi ge bi huxa ra Fernando Alva Ixtlilxóchitl, nu'a b'e̱tsi ra XIIIi njondahmä.	ja ya t'u̱ka ze̱ki tjuts'i n'a tu̱kitjo nuna tjogi ge bi juxa ra fernando alva ixtlilxóchitl, nu'a b'e̱tsi ra xiiii nkjondajmä.	ha ya t'u̱ka ze̱ki thuts'i n'a tu̱kitho nuna thogi ge bi huxa ra fernando alva ixtlilxóchitl, nu'a b'e̱tsi ra xiiii njondahmä.	ha ya t'u̱ka ze̱ki thuts'i n'a tu̱kitho nuna thogi ge bi huxa ra fernando alva ixtlilxóchitl, nu'a b'e̱tsi ra xiiii njondahmä.	ha ya tʔɨka zɛki thucʔi nʔa tɨkitho nuna thogi ge bi huša ra phernando alva ištlilšóčitl, nuʔa bʔɛci ra šiiii nkhondahmᶏ.	ha ja tʔɨka zɛki thut͡sʔi nʔa tɨkitho nuna thogi ge bi huʃa ra feɾnando alva iʃtlilʃót͡ʃitl, nuʔa bʔɛt͡si ra ʃiiii nkhondahmã.																		
145	nzo̱ho̱jä'i	mi mä dega ts'e̱dira hñä tso̱pu da ts'o̱ho̱bu nuya nzo̱ho̱jä'i ga handihu̱ te ma ts'e̱di pe̱tsi, ra nge'a ma ajuä ra Quetzalcohuatl b'u̱i nuua ko ngekagihu̱,	mi mä dega ts'e̱dira jñä tso̱pu da ts'o̱jo̱bu nuya nzo̱jo̱kjä'i ga jandiju̱ te ma ts'e̱di pe̱tsi, ra nge'a ma akjuä ra quetzalcohuatl b'u̱i nuua ko ngekagiju̱,	mi mä dega ts'e̱dira hñä tso̱pu da ts'o̱ho̱bu nuya nzo̱ho̱jä'i ga handihu̱ te ma ts'e̱di pe̱tsi, ra nge'a ma ajuä ra quetzalcohuatl b'u̱i nuua ko ngekagihu̱,	mi mä dega ts'e̱dira hñä tso̱pu da ts'o̱ho̱bu nuya nzo̱ho̱jä'i ga handihu̱ te ma ts'e̱di pe̱tsi, ra nge'a ma ajuä ra quetzalcohuatl b'u̱i nuua ko ngekagihu̱,	mi mᶏ dega cʔɛdira hñᶏ cɔpu da cʔɔhɔbu nuya nzɔhɔkhᶏʔi ga handihɨ te ma cʔɛdi pɛci, ra ngeʔa ma akhuᶏ ra quetzalcohuatl bʔɨi nuua ko ngekagihɨ,	mi mã dega t͡sʔɛdiɾa hɲã t͡sɔpu da t͡sʔɔhɔbu nuja nzɔhɔkhãʔi ga handihɨ te ma t͡sʔɛdi pɛt͡si, ra ngeʔa ma akhuã ra quetzalkohuatl bʔɨi nuua ko ngekagihɨ,																		
146	njueih'u̱.	—Da ts'iua:... ri ñ'ehe ge'a ma njueih'u̱. Da o̱t'ehe ya ñ'o̱te ko ya he̱m'i, ya ñ'o̱t'ehe ko ya ntuts'i. Da o̱ts'e̱ ra b'e̱na noya.	-da ts'iua:... ri ñ'eje ge'a ma nkjueij'u̱. da o̱t'eje ya ñ'o̱te ko ya je̱m'i, ya ñ'o̱t'eje ko ya ntuts'i. da o̱ts'e̱ ra b'e̱na noya.	-da ts'iua:... ri ñ'ehe ge'a ma njueih'u̱. da o̱t'ehe ya ñ'o̱te ko ya he̱m'i, ya ñ'o̱t'ehe ko ya ntuts'i. da o̱ts'e̱ ra b'e̱na noya.	-da ts'iua:... ri ñ'ehe ge'a ma njueih'u̱. da o̱t'ehe ya ñ'o̱te ko ya he̱m'i, ya ñ'o̱t'ehe ko ya ntuts'i. da o̱ts'e̱ ra b'e̱na noya.	-da cʔiua:... ri ñʔehe geʔa ma nkhueihʔɨ. da ɔtʔehe ya ñʔɔte ko ya hɛmʔi, ya ñʔɔtʔehe ko ya ntucʔi. da ɔcʔɛ ra bʔɛna noya.	-da t͡sʔiua:... ri ɲʔehe geʔa ma nkhueihʔɨ. da ɔtʔehe ja ɲʔɔte ko ja hɛmʔi, ja ɲʔɔtʔehe ko ja ntut͡sʔi. da ɔt͡sʔɛ ra bʔɛna noja.																		
147	manjuänthä.	Ra nge'a di o̱t'a nuna noya ra ts'u̱tui ne gatho to'o da guat'a ha ma hyohe, nu'u̱ to'o da ne, da me̱tsi n'a ra hoga m'u̱i ne da m'u̱i manjuänthä. Ha nubu̱ xa mabu̱ ma noya ge di pe̱tsi ra tsa, dega hoga jä'i ne dega hogat'o̱t'antuhni	ra nge'a di o̱t'a nuna noya ra ts'u̱tui ne gatjo to'o da guat'a ja ma jyoje, nu'u̱ to'o da ne, da me̱tsi n'a ra joga m'u̱i ne da m'u̱i mankjuäntjä. ja nubu̱ xa mabu̱ ma noya ge di pe̱tsi ra tsa, dega joga kjä'i ne dega jogat'o̱t'antujni	ra nge'a di o̱t'a nuna noya ra ts'u̱tui ne gatho to'o da guat'a ha ma hyohe, nu'u̱ to'o da ne, da me̱tsi n'a ra hoga m'u̱i ne da m'u̱i manjuänthä. ha nubu̱ xa mabu̱ ma noya ge di pe̱tsi ra tsa, dega hoga jä'i ne dega hogat'o̱t'antuhni	ra nge'a di o̱t'a nuna noya ra ts'u̱tui ne gatho to'o da guat'a ha ma hyohe, nu'u̱ to'o da ne, da me̱tsi n'a ra hoga m'u̱i ne da m'u̱i manjuänthä. ha nubu̱ xa mabu̱ ma noya ge di pe̱tsi ra tsa, dega hoga jä'i ne dega hogat'o̱t'antuhni	ra ngeʔa di ɔtʔa nuna noya ra cʔɨtui ne gatho toʔo da guatʔa ha ma hyohe, nuʔɨ toʔo da ne, da mɛci nʔa ra hoga mʔɨi ne da mʔɨi mankhuᶏnthᶏ. ha nubɨ ša mabɨ ma noya ge di pɛci ra ca, dega hoga khᶏʔi ne dega hogatʔɔtʔantuhni	ra ngeʔa di ɔtʔa nuna noja ra t͡sʔɨtui ne gatho toʔo da guatʔa ha ma hjohe, nuʔɨ toʔo da ne, da mɛt͡si nʔa ra hoga mʔɨi ne da mʔɨi mankhuãnthã. ha nubɨ ʃa mabɨ ma noja ge di pɛt͡si ra t͡sa, dega hoga khãʔi ne dega hogatʔɔtʔantuhni																		
148	njagihu̱	ha mi tso nde, bi mu̱di bi nja n'a ra hneki ngu njagihu̱ dega jä'i, bi t'ot'e ra b'ai ngu dega jä'i,	ja mi tso nde, bi mu̱di bi nkja n'a ra jneki ngu nkjagiju̱ dega kjä'i, bi t'ot'e ra b'ai ngu dega kjä'i,	ha mi tso nde, bi mu̱di bi nja n'a ra hneki ngu njagihu̱ dega jä'i, bi t'ot'e ra b'ai ngu dega jä'i,	ha mi tso nde, bi mu̱di bi nja n'a ra hneki ngu njagihu̱ dega jä'i, bi t'ot'e ra b'ai ngu dega jä'i,	ha mi co nde, bi mɨdi bi nkha nʔa ra hneki ngu nkhagihɨ dega khᶏʔi, bi tʔotʔe ra bʔai ngu dega khᶏʔi,	ha mi t͡so nde, bi mɨdi bi nkha nʔa ra hneki ngu nkhagihɨ dega khãʔi, bi tʔotʔe ra bʔai ngu dega khãʔi,																		
150	njut'ihe	Nub'u̱ ndi umbabihe ma njut'ihe xki nzäi ndi da'ihe, mi adi n'a tu̱ki nehe nub'u̱ ndi unihe ya k'astaboja mi häni made n'a tu̱ki [...]	nub'u̱ ndi umbabije ma nkjut'ije xki nzäi ndi da'ije, mi adi n'a tu̱ki neje nub'u̱ ndi unije ya k'astaboja mi kjäni made n'a tu̱ki [...]	nub'u̱ ndi umbabihe ma njut'ihe xki nzäi ndi da'ihe, mi adi n'a tu̱ki nehe nub'u̱ ndi unihe ya k'astaboja mi häni made n'a tu̱ki [...]	nub'u̱ ndi umbabihe ma njut'ihe xki nzäi ndi da'ihe, mi adi n'a tu̱ki nehe nub'u̱ ndi unihe ya k'astaboja mi häni made n'a tu̱ki [...]	nubʔɨ ndi umbabihe ma nkhutʔihe ški nzᶏi ndi daʔihe, mi adi nʔa tɨki nehe nubʔɨ ndi unihe ya kʔastabokha mi hᶏni made nʔa tɨki [...]	nubʔɨ ndi umbabihe ma nkhutʔihe ʃki nzãi ndi daʔihe, mi adi nʔa tɨki nehe nubʔɨ ndi unihe ja kʔastabokha mi hãni made nʔa tɨki [...]																		
151	jihu̱,	Njabu̱ ri ñ'ehe ya je̱ya inda m'e̱di, inda mpumfri, ga nzäi ga pe̱tsi nugagihu̱ ha ma mfenihu̱, ga pe̱tsi nugagihu̱, ra bätsi dige'u̱, ya b'e̱to, ya ntsaniku, ya mbänga b'e̱to ne to'o dra ñ'epu̱, to'o mahye̱gigihu̱, ma jihu̱, ya ku̱hu̱.	nkjabu̱ ri ñ'eje ya kje̱ya inda m'e̱di, inda mpumfri, ga nzäi ga pe̱tsi nugagiju̱ ja ma mfeniju̱, ga pe̱tsi nugagiju̱, ra bätsi dige'u̱, ya b'e̱to, ya ntsaniku, ya mbänga b'e̱to ne to'o dra ñ'epu̱, to'o majye̱gigiju̱, ma kjiju̱, ya ku̱ju̱.	njabu̱ ri ñ'ehe ya je̱ya inda m'e̱di, inda mpumfri, ga nzäi ga pe̱tsi nugagihu̱ ha ma mfenihu̱, ga pe̱tsi nugagihu̱, ra bätsi dige'u̱, ya b'e̱to, ya ntsaniku, ya mbänga b'e̱to ne to'o dra ñ'epu̱, to'o mahye̱gigihu̱, ma jihu̱, ya ku̱hu̱.	njabu̱ ri ñ'ehe ya je̱ya inda m'e̱di, inda mpumfri, ga nzäi ga pe̱tsi nugagihu̱ ha ma mfenihu̱, ga pe̱tsi nugagihu̱, ra bätsi dige'u̱, ya b'e̱to, ya ntsaniku, ya mbänga b'e̱to ne to'o dra ñ'epu̱, to'o mahye̱gigihu̱, ma jihu̱, ya ku̱hu̱.	nkhabɨ ri ñʔehe ya khɛya inda mʔɛdi, inda mpumphri, ga nzᶏi ga pɛci nugagihɨ ha ma mphenihɨ, ga pɛci nugagihɨ, ra bᶏci digeʔɨ, ya bʔɛto, ya ncaniku, ya mbᶏnga bʔɛto ne toʔo dra ñʔepɨ, toʔo mahyɛgigihɨ, ma khihɨ, ya kɨhɨ.	nkhabɨ ri ɲʔehe ja khɛja inda mʔɛdi, inda mpumɸɾi, ga nzãi ga pɛt͡si nugagihɨ ha ma mɸenihɨ, ga pɛt͡si nugagihɨ, ra bãt͡si digeʔɨ, ja bʔɛto, ja nt͡saniku, ja mbãnga bʔɛto ne toʔo dɾa ɲʔepɨ, toʔo mahjɛgigihɨ, ma khihɨ, ja kɨhɨ.																		
152	jä'ihu̠	—Ñ'emabagi, ya gabida, ya jä'ihu̠ gi pädi ra ntuni ra mem'onda ba ehehu̠ ga te̠nihu̠ma nzu̠tehu̠. Ko ya mätsa mi te̠he̠, ko ya bu̠'bai ko ngatho ra ts'e̱di mi te̠he̠ ra ñ'u.	-ñ'emabagi, ya gabida, ya kjä'iju̱ gi pädi ra ntuni ra mem'onda ba ejeju̱ ga te̱niju̱ma nzu̱teju̱. ko ya mätsa mi te̱je̱, ko ya bu̱'bai ko ngatjo ra ts'e̱di mi te̱je̱ ra ñ'u.	-ñ'emabagi, ya gabida, ya jä'ihu̱ gi pädi ra ntuni ra mem'onda ba ehehu̱ ga te̱nihu̱ma nzu̱tehu̱. ko ya mätsa mi te̱he̱, ko ya bu̱'bai ko ngatho ra ts'e̱di mi te̱he̱ ra ñ'u.	-ñ'emabagi, ya gabida, ya jä'ihu̱ gi pädi ra ntuni ra mem'onda ba ehehu̱ ga te̱nihu̱ma nzu̱tehu̱. ko ya mätsa mi te̱he̱, ko ya bu̱'bai ko ngatho ra ts'e̱di mi te̱he̱ ra ñ'u.	-ñʔemabagi, ya gabida, ya khᶏʔihɨ gi pᶏdi ra ntuni ra memʔonda ba ehehɨ ga tɛnihɨma nzɨtehɨ. ko ya mᶏca mi tɛhɛ, ko ya bɨʔbai ko ngatho ra cʔɛdi mi tɛhɛ ra ñʔu.	-ɲʔemabagi, ja gabida, ja khãʔihɨ gi pãdi ra ntuni ra memʔonda ba ehehɨ ga tɛnihɨma nzɨtehɨ. ko ja mãt͡sa mi tɛhɛ, ko ja bɨʔbai ko ngatho ra t͡sʔɛdi mi tɛhɛ ra ɲʔu.																		
153	njändahmä,	Bi tse̱ti nuna ngot'i ra M'onda, ngu pede ra Dänga B'ede, ya K'oi ne ya njändahmä, ngu nu'a ra hmä ra Alonso Axayaca, goho n'ate ma pa bi nzo̱t'e nuna pa.	bi tse̱ti nuna ngot'i ra m'onda, ngu pede ra dänga b'ede, ya k'oi ne ya nkjändajmä, ngu nu'a ra jmä ra alonso axayaca, gojo n'ate ma pa bi nzo̱t'e nuna pa.	bi tse̱ti nuna ngot'i ra m'onda, ngu pede ra dänga b'ede, ya k'oi ne ya njändahmä, ngu nu'a ra hmä ra alonso axayaca, goho n'ate ma pa bi nzo̱t'e nuna pa.	bi tse̱ti nuna ngot'i ra m'onda, ngu pede ra dänga b'ede, ya k'oi ne ya njändahmä, ngu nu'a ra hmä ra alonso axayaca, goho n'ate ma pa bi nzo̱t'e nuna pa.	bi cɛti nuna ngotʔi ra mʔonda, ngu pede ra dᶏnga bʔede, ya kʔoi ne ya nkhᶏndahmᶏ, ngu nuʔa ra hmᶏ ra alonso axayaca, goho nʔate ma pa bi nzɔtʔe nuna pa.	bi t͡sɛti nuna ngotʔi ra mʔonda, ngu pede ra dãnga bʔede, ja kʔoi ne ja nkhãndahmã, ngu nuʔa ra hmã ra alonso aʃajaka, goho nʔate ma pa bi nzɔtʔe nuna pa.																		
154	njom'ahudi.	Ya zi b'e̱hña mi ägi ha ya b'a ne ha ya ngo̱de, nuya ñ'o̱ho̱ mbo ha ya ne, ha ya njom'ahudi.	ya zi b'e̱jña mi ägi ja ya b'a ne ja ya ngo̱de, nuya ñ'o̱jo̱ mbo ja ya ne, ja ya nkjom'ajudi.	ya zi b'e̱hña mi ägi ha ya b'a ne ha ya ngo̱de, nuya ñ'o̱ho̱ mbo ha ya ne, ha ya njom'ahudi.	ya zi b'e̱hña mi ägi ha ya b'a ne ha ya ngo̱de, nuya ñ'o̱ho̱ mbo ha ya ne, ha ya njom'ahudi.	ya zi bʔɛhña mi ᶏgi ha ya bʔa ne ha ya ngɔde, nuya ñʔɔhɔ mbo ha ya ne, ha ya nkhomʔahudi.	ja zi bʔɛhɲa mi ãgi ha ja bʔa ne ha ja ngɔde, nuja ɲʔɔhɔ mbo ha ja ne, ha ja nkhomʔahudi.																		
155	hyoyajä'i	Gatho ya hyoyajä'i mi b'u̱i ha ra hnini bi handi.	gatjo ya jyoyakjä'i mi b'u̱i ja ra jnini bi jandi.	gatho ya hyoyajä'i mi b'u̱i ha ra hnini bi handi.	gatho ya hyoyajä'i mi b'u̱i ha ra hnini bi handi.	gatho ya hyoyakhᶏʔi mi bʔɨi ha ra hnini bi handi.	gatho ja hjojakhãʔi mi bʔɨi ha ra hnini bi handi.																		
156	ajuähu̱:	bi tso̱hso̱ ra ngo ma ajuähu̱: nubia da fu̱di da guadi ra r'e̱t'a ra pa.	bi tso̱jso̱ ra ngo ma akjuäju̱: nubia da fu̱di da guadi ra r'e̱t'a ra pa.	bi tso̱hso̱ ra ngo ma ajuähu̱: nubia da fu̱di da guadi ra r'e̱t'a ra pa.	bi tso̱hso̱ ra ngo ma ajuähu̱: nubia da fu̱di da guadi ra r'e̱t'a ra pa.	bi cɔhsɔ ra ngo ma akhuᶏhɨ: nubia da phɨdi da guadi ra rʔɛtʔa ra pa.	bi t͡sɔhsɔ ra ngo ma akhuãhɨ: nubia da ɸɨdi da guadi ra rʔɛtʔa ra pa.																		
157	ajuähe.	—O̱t'a ra mäte gi o̱dehu̱, ja gi b'ai nuuahu̱. Mont'a ya ngo Ajuä; ri juat'i ra ngo ga tsunda ma ajuähe.	-o̱t'a ra mäte gi o̱deju̱, kja gi b'ai nuuaju̱. mont'a ya ngo akjuä; ri kjuat'i ra ngo ga tsunda ma akjuäje.	-o̱t'a ra mäte gi o̱dehu̱, ja gi b'ai nuuahu̱. mont'a ya ngo ajuä; ri juat'i ra ngo ga tsunda ma ajuähe.	-o̱t'a ra mäte gi o̱dehu̱, ja gi b'ai nuuahu̱. mont'a ya ngo ajuä; ri juat'i ra ngo ga tsunda ma ajuähe.	-ɔtʔa ra mᶏte gi ɔdehɨ, kha gi bʔai nuuahɨ. montʔa ya ngo akhuᶏ; ri khuatʔi ra ngo ga cunda ma akhuᶏhe.	-ɔtʔa ra mãte gi ɔdehɨ, kha gi bʔai nuuahɨ. montʔa ja ngo akhuã; ri khuatʔi ra ngo ga t͡sunda ma akhuãhe.																		
158	ju̱t'atho.	Xi mi taxki ra ñ'u, imbi tsa da r'anga n'a, ho̱nse̱he̱ mi taxka n'a ha ra bo̱hai. Ya y'ofadi mi ju̱t'atho.	xi mi taxki ra ñ'u, imbi tsa da r'anga n'a, jo̱nse̱je̱ mi taxka n'a ja ra bo̱jai. ya y'ofadi mi kju̱t'atjo.	xi mi taxki ra ñ'u, imbi tsa da r'anga n'a, ho̱nse̱he̱ mi taxka n'a ha ra bo̱hai. ya y'ofadi mi ju̱t'atho.	xi mi taxki ra ñ'u, imbi tsa da r'anga n'a, ho̱nse̱he̱ mi taxka n'a ha ra bo̱hai. ya y'ofadi mi ju̱t'atho.	ši mi taški ra ñʔu, imbi ca da rʔanga nʔa, hɔnsɛhɛ mi taška nʔa ha ra bɔhai. ya yʔophadi mi khɨtʔatho.	ʃi mi taʃki ra ɲʔu, imbi t͡sa da rʔanga nʔa, hɔnsɛhɛ mi taʃka nʔa ha ra bɔhai. ja jʔoɸadi mi khɨtʔatho.																		
160	jäpadehe	Nuya hñu o gohoya pa bi b'u̱i nubu̱ bi xitsuabi ra jäpadehe ndunthi ya jä'i, ngu xa t'ena.	nuya jñu o gojoya pa bi b'u̱i nubu̱ bi xitsuabi ra kjäpadeje nduntji ya kjä'i, ngu xa t'ena.	nuya hñu o gohoya pa bi b'u̱i nubu̱ bi xitsuabi ra jäpadehe ndunthi ya jä'i, ngu xa t'ena.	nuya hñu o gohoya pa bi b'u̱i nubu̱ bi xitsuabi ra jäpadehe ndunthi ya jä'i, ngu xa t'ena.	nuya hñu o gohoya pa bi bʔɨi nubɨ bi šicuabi ra khᶏpadehe ndunthi ya khᶏʔi, ngu ša tʔena.	nuja hɲu o gohoja pa bi bʔɨi nubɨ bi ʃit͡suabi ra khãpadehe ndunthi ja khãʔi, ngu ʃa tʔena.																		
161	ñ'jähu̱	Nu xä oth'u̱, ma gä ñ'jähu̱	nu xä otj'u̱, ma gä ñ'kjäju̱	nu xä oth'u̱, ma gä ñ'jähu̱	nu xä oth'u̱, ma gä ñ'jähu̱	nu šᶏ othʔɨ, ma gᶏ ñʔkhᶏhɨ	nu ʃã othʔɨ, ma gã ɲʔkhãhɨ																		
162	juatihu̱	Ga juatihu̱ nu'a huts'i njani, ya ts'ojä'i, ra Carranza, ge xa o̱t'a ya ts'okuate pa gekagihu̱; ga o̱t'e da nja ra ts'e̱di ma munts' ne njabu̱ ga tsu̱dihu̱ da nja nu'a ra hoga tsu̱tui, da nja ra hai, ra hñegi ne ra hoga ts'u̱tui;	ga kjuatiju̱ nu'a juts'i nkjani, ya ts'ojä'i, ra carranza, ge xa o̱t'a ya ts'okuate pa gekagiju̱; ga o̱t'e da nkja ra ts'e̱di ma munts' ne njabu̱ ga tsu̱diju̱ da nkja nu'a ra joga tsu̱tui, da nkja ra jai, ra jñegi ne ra joga ts'u̱tui;	ga juatihu̱ nu'a huts'i njani, ya ts'ojä'i, ra carranza, ge xa o̱t'a ya ts'okuate pa gekagihu̱; ga o̱t'e da nja ra ts'e̱di ma munts' ne njabu̱ ga tsu̱dihu̱ da nja nu'a ra hoga tsu̱tui, da nja ra hai, ra hñegi ne ra hoga ts'u̱tui;	ga juatihu̱ nu'a huts'i njani, ya ts'ojä'i, ra carranza, ge xa o̱t'a ya ts'okuate pa gekagihu̱; ga o̱t'e da nja ra ts'e̱di ma munts' ne njabu̱ ga tsu̱dihu̱ da nja nu'a ra hoga tsu̱tui, da nja ra hai, ra hñegi ne ra hoga ts'u̱tui;	ga khuatihɨ nuʔa hucʔi nkhani, ya cʔokhᶏʔi, ra carranza, ge ša ɔtʔa ya cʔokuate pa gekagihɨ; ga ɔtʔe da nkha ra cʔɛdi ma muncʔ ne nkhabɨ ga cɨdihɨ da nkha nuʔa ra hoga cɨtui, da nkha ra hai, ra hñegi ne ra hoga cʔɨtui;	ga khuatihɨ nuʔa hut͡sʔi nkhani, ja t͡sʔokhãʔi, ra karanza, ge ʃa ɔtʔa ja t͡sʔokuate pa gekagihɨ; ga ɔtʔe da nkha ra t͡sʔɛdi ma munt͡sʔ ne nkhabɨ ga t͡sɨdihɨ da nkha nuʔa ra hoga t͡sɨtui, da nkha ra hai, ra hɲegi ne ra hoga t͡sʔɨtui;																		
165	chuju̱	Ha n'aa nza̱tho xudi ra pale Berto, bi bo̱ni nda hyonga te nda nzimxidi ngetho nda zi ya hme hyaxtho mi u̱xa ya u, ua ngu mi nzäi mi nkahui yá hme nuya chuju̱ xa hogi ha nuya 'bomuha̱i Nts'ät'i, Nt'o̱kuä;	ja n'aa nza̱tjo xudi ra pale berto, bi bo̱ni nda jyonga te nda nzimxidi ngetjo nda zi ya jme jyaxtjo mi u̱xa ya u, ua ngu mi nzäi mi nkajui yá jme nuya chukju̱ xa jogi ja nuya 'bomuja̱i nts'ät'i, nt'o̱kuä;	ha n'aa nza̱tho xudi ra pale berto, bi bo̱ni nda hyonga te nda nzimxidi ngetho nda zi ya hme hyaxtho mi u̱xa ya u, ua ngu mi nzäi mi nkahui yá hme nuya chuju̱ xa hogi ha nuya 'bomuha̱i nts'ät'i, nt'o̱kuä;	ha n'aa nza̱tho xudi ra pale berto, bi bo̱ni nda hyonga te nda nzimxidi ngetho nda zi ya hme hyaxtho mi u̱xa ya u, ua ngu mi nzäi mi nkahui yá hme nuya txuju̱ xa hogi ha nuya 'bomuha̱i nts'ät'i, nt'o̱kuä;	ha nʔaa nzʌtho šudi ra pale berto, bi bɔni nda hyonga te nda nzimšidi ngetho nda zi ya hme hyaštho mi ɨša ya u, ua ngu mi nzᶏi mi nkahui yá hme nuya čukhɨ ša hogi ha nuya ʔbomuhʌi ncʔᶏtʔi, ntʔɔkuᶏ;	ha nʔaa nzətho ʃudi ra pale beɾto, bi bɔni nda hjonga te nda nzimʃidi ngetho nda zi ja hme hjaʃtho mi ɨʃa ja u, ua ngu mi nzãi mi nkahui já hme nuja t͡ʃukhɨ ʃa hogi ha nuja ʔbomuhəi nt͡sʔãtʔi, ntʔɔkuã;																		
166	mahjuai,	Ya dänga mfu̱nga bo̱jä bi ntho, bi kot'i ko ya mahjuai, mi zu̱m'i nehe ko ya t'e̱nga ts'u̱t'abo̱ja.	ya dänga mfu̱nga bo̱kjä bi ntjo, bi kot'i ko ya majkjuai, mi zu̱m'i neje ko ya t'e̱nga ts'u̱t'abo̱kja.	ya dänga mfu̱nga bo̱jä bi ntho, bi kot'i ko ya mahjuai, mi zu̱m'i nehe ko ya t'e̱nga ts'u̱t'abo̱ja.	ya dänga mfu̱nga bo̱jä bi ntho, bi kot'i ko ya mahjuai, mi zu̱m'i nehe ko ya t'e̱nga ts'u̱t'abo̱ja.	ya dᶏnga mphɨnga bɔkhᶏ bi ntho, bi kotʔi ko ya mahkhuai, mi zɨmʔi nehe ko ya tʔɛnga cʔɨtʔabɔkha.	ja dãnga mɸɨnga bɔkhã bi ntho, bi kotʔi ko ja mahkhuai, mi zɨmʔi nehe ko ja tʔɛnga t͡sʔɨtʔabɔkha.																		